time,48RI3,59AI7,45RD10,45CD2,48RD1,48RI2,061N5,186RI6,48RI3,59AI7,45RD10,45CD2,48RD1,48RI2,061N5,186RI6,48RI3,59AI7,45RD10,45CD2,48RD1,48RI2,061N5,186RI6,48RI3,59AI7,45RD10,45CD2,48RD1,48RI2,061N5,186RI6,48RI3,59AI7,45RD10,45CD2,48RD1,48RI2,061N5,186RI6
0,0.113899998,0.114200003,0.119199999,0.1074,0.115099996,0.108400002,0.115500003,0.188600004,0.110600002,0.113799997,0.116099998,0.1065,0.112800002,0.111299999,0.112499997,0.122000001,0.112400003,0.111400001,0.117799997,0.105999999,0.110799998,0.1096,0.114399999,0.123400003,0.111299999,0.112199999,0.115900002,0.109300002,0.110699996,0.111000001,0.115500003,0.117600001,0.1087,0.1149,0.113300003,0.101400003,0.110600002,0.109700002,0.1153,0.125599995
5,0.118500002,0.118600003,0.122900002,0.1109,0.119900003,0.111699998,0.120800003,0.116700001,0.115500003,0.117899999,0.119400002,0.110299997,0.116999999,0.115199998,0.119900003,0.125300005,0.117700003,0.116300002,0.120399997,0.109399997,0.116700001,0.1131,0.118900001,0.127900004,0.116099998,0.116300002,0.119000003,0.112300001,0.115800001,0.112300001,0.119099997,0.121100001,0.114200003,0.117700003,0.115699999,0.103699997,0.115199998,0.111400001,0.118500002,0.131200001
10,0.119800001,0.1197,0.123999998,0.111500002,0.120800003,0.112199999,0.121699996,0.117299996,0.116700001,0.118799999,0.120099999,0.111500002,0.1175,0.115999997,0.120899998,0.125699997,0.118799999,0.1175,0.121399999,0.1105,0.1175,0.113799997,0.1197,0.128800005,0.1171,0.117200002,0.119800001,0.1131,0.116800003,0.112800002,0.119599998,0.121399999,0.1153,0.118500002,0.116499998,0.104599997,0.115699999,0.1118,0.119199999,0.132300004
15,0.120399997,0.120099999,0.124799997,0.112300001,0.121299997,0.1127,0.122299999,0.117700003,0.117200002,0.1193,0.120499998,0.112099998,0.117899999,0.116300002,0.1219,0.126100004,0.119400002,0.117899999,0.1219,0.111100003,0.117899999,0.114200003,0.120499998,0.129299998,0.117700003,0.117600001,0.120200001,0.113799997,0.117299996,0.113200001,0.119999997,0.121600002,0.115900002,0.118900001,0.116800003,0.105099998,0.1162,0.112199999,0.119599998,0.1329
20,0.120999999,0.120499998,0.125200003,0.112800002,0.1219,0.1131,0.122599997,0.117700003,0.117700003,0.1197,0.121100001,0.112599999,0.118600003,0.116899997,0.122299999,0.1259,0.119900003,0.118299998,0.122400001,0.111599997,0.118500002,0.114600003,0.120999999,0.129600003,0.118199997,0.117899999,0.1206,0.114200003,0.117899999,0.113700002,0.120200001,0.121799998,0.116599999,0.1193,0.117200002,0.105400003,0.116700001,0.112499997,0.119999997,0.133200005
25,0.121699996,0.120999999,0.125599995,0.113200001,0.122599997,0.113700002,0.123199999,0.117899999,0.118199997,0.120099999,0.121399999,0.112999998,0.119000003,0.1175,0.122500002,0.126200005,0.120700002,0.118799999,0.1228,0.111900002,0.118900001,0.115199998,0.121200003,0.129299998,0.118799999,0.118199997,0.121200003,0.114699997,0.1184,0.114100002,0.120499998,0.121699996,0.116899997,0.119599998,0.117700003,0.105499998,0.117299996,0.112999998,0.120200001,0.133300006
30,0.122400001,0.121600002,0.126300007,0.113799997,0.123400003,0.114299998,0.124399997,0.118799999,0.119000003,0.120700002,0.122100003,0.113600001,0.119599998,0.118000001,0.123800002,0.127000004,0.121299997,0.119400002,0.123400003,0.112499997,0.119599998,0.115699999,0.122199997,0.130199999,0.119400002,0.118699998,0.121799998,0.1153,0.119099997,0.114600003,0.121399999,0.122199997,0.117600001,0.120200001,0.118299998,0.105899997,0.117799997,0.113399997,0.120899998,0.133900002
35,0.122900002,0.122100003,0.126900002,0.114100002,0.123999998,0.1149,0.125499994,0.120399997,0.119400002,0.121200003,0.122500002,0.114,0.120300002,0.118699998,0.124700002,0.128099993,0.122000001,0.119800001,0.123999998,0.112899996,0.120300002,0.116400003,0.123400003,0.131600007,0.120099999,0.119099997,0.122400001,0.115599997,0.119400002,0.115199998,0.122199997,0.123000003,0.118500002,0.120700002,0.118600003,0.106200002,0.118299998,0.114,0.1219,0.135199994
40,0.1237,0.122500002,0.127299994,0.114600003,0.124799997,0.115699999,0.127299994,0.122199997,0.120200001,0.121600002,0.123099998,0.114500001,0.120700002,0.119800001,0.126300007,0.129600003,0.122699998,0.120200001,0.124300003,0.113300003,0.120800003,0.1171,0.124600001,0.133000001,0.120800003,0.119599998,0.122900002,0.1162,0.120200001,0.115900002,0.123499997,0.123899996,0.119000003,0.121200003,0.1193,0.1065,0.119000003,0.114500001,0.123000003,0.136700004
45,0.124700002,0.123099998,0.128099993,0.115400001,0.125699997,0.116899997,0.129700005,0.125,0.120899998,0.122199997,0.123999998,0.115000002,0.121699996,0.120999999,0.128399998,0.131699994,0.123599999,0.120800003,0.125100002,0.113799997,0.1215,0.118100002,0.126499996,0.135100007,0.121600002,0.120200001,0.1237,0.116800003,0.120800003,0.116800003,0.125,0.125400007,0.119800001,0.121799998,0.119999997,0.106799997,0.119599998,0.115400001,0.124600001,0.138600007
50,0.126100004,0.124399997,0.129800007,0.116300002,0.127299994,0.1184,0.1329,0.128299996,0.122199997,0.123499997,0.125200003,0.115999997,0.122900002,0.1228,0.131500006,0.134599999,0.125200003,0.1219,0.126399994,0.114699997,0.122699998,0.119599998,0.129199997,0.137999997,0.122900002,0.121299997,0.125200003,0.117799997,0.121799998,0.118100002,0.127499998,0.127100006,0.120999999,0.123000003,0.121200003,0.107299998,0.120499998,0.116499998,0.126800001,0.141499996
55,0.128199995,0.126399994,0.131799996,0.117700003,0.1294,0.1206,0.136600003,0.132699996,0.1241,0.125300005,0.127100006,0.117399998,0.124700002,0.125100002,0.135000005,0.1382,0.127000004,0.1237,0.128000006,0.115900002,0.124399997,0.121699996,0.132300004,0.141900003,0.124700002,0.1228,0.126900002,0.119199999,0.123499997,0.119599998,0.1303,0.129700005,0.122599997,0.124600001,0.122699998,0.108000003,0.1219,0.118000001,0.129500002,0.145099998
60,0.130799994,0.128900006,0.134399995,0.1197,0.132300004,0.123300001,0.141499996,0.138099998,0.126300007,0.127599999,0.129500002,0.119199999,0.126800001,0.128399998,0.139300004,0.142900005,0.129500002,0.126000002,0.130500004,0.1175,0.126499996,0.124300003,0.136299998,0.146799996,0.127100006,0.125100002,0.129299998,0.121299997,0.125400007,0.122000001,0.133599997,0.132699996,0.124899998,0.126900002,0.124799997,0.108900003,0.123800002,0.120099999,0.1329,0.149599999
65,0.134599999,0.132400006,0.138099998,0.122100003,0.135900006,0.126900002,0.148000002,0.144500002,0.129500002,0.130999997,0.132599995,0.1215,0.129999995,0.131999999,0.145099998,0.148800001,0.133200005,0.129299998,0.133599997,0.119599998,0.129600003,0.127299994,0.141299993,0.152700007,0.130400002,0.128099993,0.132599995,0.1237,0.128099993,0.124899998,0.138300002,0.136999995,0.127800003,0.129999995,0.127499998,0.110200003,0.126399994,0.122699998,0.137099996,0.155300006
70,0.138699993,0.136500001,0.142499998,0.125100002,0.140599996,0.130700007,0.155000001,0.152799994,0.133499995,0.135199994,0.136299998,0.124399997,0.133599997,0.136600003,0.151500002,0.156000003,0.137500003,0.133000001,0.137400001,0.122299999,0.133200005,0.131400004,0.147400007,0.160300002,0.134399995,0.131600007,0.136299998,0.126699999,0.131600007,0.128299996,0.143600002,0.141800001,0.131600007,0.133699998,0.130799994,0.111599997,0.129500002,0.125799999,0.142299995,0.162300006
75,0.143800005,0.141399994,0.147799999,0.128900006,0.145799994,0.135399997,0.162699997,0.160999998,0.137899995,0.139599994,0.141299993,0.128000006,0.138099998,0.141900003,0.158800006,0.164100006,0.142399997,0.137400001,0.142399997,0.125699997,0.137500003,0.135700002,0.154599994,0.169,0.138899997,0.136000007,0.141200006,0.130500004,0.135800004,0.132200003,0.150199994,0.148100004,0.135800004,0.138099998,0.135199994,0.113499999,0.133399993,0.128999993,0.148599997,0.170699999
80,0.150000006,0.147200003,0.154599994,0.133399993,0.152099997,0.140699998,0.171800002,0.169200003,0.143199995,0.145300001,0.147200003,0.132499993,0.143299997,0.147799999,0.166899994,0.172800004,0.148100004,0.142700002,0.148200005,0.129500002,0.142499998,0.140900001,0.161899999,0.178100005,0.144199997,0.141100004,0.147100002,0.135299996,0.140499994,0.136600003,0.156800002,0.154599994,0.141000003,0.143199995,0.140100002,0.115999997,0.137799993,0.133300006,0.155300006,0.180500001
85,0.157100007,0.154100001,0.162699997,0.138799995,0.159600005,0.147599995,0.1831,0.179399997,0.149499997,0.151800007,0.154300004,0.137799993,0.149299994,0.155399993,0.177200004,0.182400003,0.155100003,0.148900002,0.155300006,0.134399995,0.148300007,0.147100002,0.170699999,0.188099995,0.150600001,0.146899998,0.153999999,0.140799999,0.145899996,0.141900003,0.1646,0.161500007,0.146699995,0.149299994,0.146300003,0.118799999,0.142900005,0.137899995,0.162499994,0.189899996
90,0.165199995,0.162200004,0.171399996,0.145199999,0.167999998,0.155300006,0.196099997,0.190300003,0.1567,0.159899995,0.162499994,0.144099995,0.156599998,0.164499998,0.189099997,0.194000006,0.163200006,0.156299993,0.163699999,0.140200004,0.155499995,0.154699996,0.181899995,0.200200006,0.158199996,0.153999999,0.162300006,0.147400007,0.1523,0.148800001,0.174799994,0.170000002,0.153799996,0.1567,0.153600007,0.122199997,0.149200007,0.143999994,0.172199994,0.201000005
95,0.1752,0.171700001,0.181500003,0.1523,0.178000003,0.164800003,0.211400002,0.201900005,0.165299997,0.169,0.171599999,0.150800005,0.165000007,0.174400002,0.203199998,0.207699999,0.172700003,0.165099993,0.172499999,0.146400005,0.163599998,0.163499996,0.194399998,0.214100003,0.166999996,0.162499994,0.171200007,0.154899999,0.159999996,0.156399995,0.185900003,0.179499999,0.161599994,0.165199995,0.161200002,0.125799999,0.156000003,0.150999993,0.182899997,0.214499995
100,0.1866,0.182799995,0.1928,0.160099998,0.190200001,0.175999999,0.226500005,0.215399995,0.175999999,0.179499999,0.181600004,0.158700004,0.175099999,0.186900005,0.218600005,0.222900003,0.183799997,0.175500005,0.182899997,0.153400004,0.173700005,0.174099997,0.209299996,0.229499996,0.177599996,0.172399998,0.181500003,0.163000003,0.169499993,0.166199997,0.199300006,0.191499993,0.171800002,0.1752,0.170300007,0.1303,0.164700001,0.159299999,0.195600003,0.228699997
105,0.200200006,0.195099995,0.206100002,0.1699,0.203999996,0.188299999,0.245399997,0.228799999,0.187999994,0.191599995,0.193399996,0.167899996,0.186700001,0.201000005,0.234400004,0.238399997,0.196899995,0.186700001,0.194399998,0.161799997,0.184900001,0.186299995,0.223700002,0.246000007,0.189799994,0.183699995,0.192699999,0.172499999,0.179800004,0.176599994,0.213699996,0.204500005,0.1831,0.186399996,0.180700004,0.135600001,0.174799994,0.168799996,0.209800005,0.244200006
110,0.215299994,0.209600002,0.221499994,0.181600004,0.219500005,0.202600002,0.265100002,0.243699998,0.202000007,0.205699995,0.207399994,0.179399997,0.199900001,0.216399997,0.254000008,0.258399993,0.211700007,0.200499997,0.208100006,0.172399998,0.197999999,0.1998,0.242300004,0.265599996,0.203400001,0.196600005,0.206799999,0.184300005,0.192200005,0.188700005,0.228499994,0.218999997,0.195999995,0.199399993,0.1928,0.141900003,0.186299995,0.180099994,0.224199995,0.264400005
115,0.2315,0.226500005,0.238800004,0.194900006,0.235499993,0.217899993,0.286799997,0.25999999,0.217500001,0.221799999,0.224199995,0.1919,0.214699998,0.232099995,0.273900002,0.278400004,0.228200004,0.215900004,0.224999994,0.183899999,0.212400004,0.214699998,0.260899991,0.28580001,0.2192,0.211400002,0.223299995,0.197699994,0.206100002,0.202399999,0.247199997,0.233199999,0.2104,0.214399993,0.207200006,0.149200007,0.199200004,0.192300007,0.241999999,0.283699989
120,0.247299999,0.243399993,0.256500006,0.208900005,0.252600014,0.233999997,0.310900003,0.278600007,0.233099997,0.238900006,0.240500003,0.206,0.230800003,0.249799997,0.297199994,0.299800009,0.244200006,0.232600003,0.2412,0.1972,0.227699995,0.230399996,0.282599986,0.307900012,0.234999999,0.228,0.239500001,0.213100001,0.221399993,0.217700005,0.266499996,0.251399994,0.226699993,0.230900005,0.223100007,0.157700002,0.213400006,0.206400007,0.261000007,0.305400014
125,0.267100006,0.262100011,0.276499987,0.224000007,0.272799999,0.253699988,0.338099986,0.297600001,0.250200003,0.256399989,0.259000003,0.220899999,0.246700004,0.270500004,0.322699994,0.324000001,0.262800008,0.249300003,0.25999999,0.211600006,0.244000003,0.248300001,0.306400001,0.332300007,0.251899987,0.244000003,0.257999986,0.227300003,0.236699998,0.233400002,0.289000005,0.271400005,0.242699996,0.247400001,0.238499999,0.166899994,0.228699997,0.221900001,0.282299995,0.328399986
130,0.289099991,0.283399999,0.296700001,0.241999999,0.294999987,0.273699999,0.368999988,0.319499999,0.270700008,0.2773,0.278400004,0.238000005,0.2676,0.292699993,0.351500005,0.352200001,0.284299999,0.269600004,0.278699994,0.226799995,0.263500005,0.2685,0.333400011,0.360199988,0.272799999,0.263300002,0.277099997,0.245000005,0.255199999,0.252200007,0.312900007,0.292400002,0.261999995,0.267199993,0.257099986,0.177900001,0.245800003,0.237599999,0.305400014,0.355599999
135,0.31189999,0.307000011,0.320800006,0.263099998,0.317699999,0.295899987,0.40200001,0.342099994,0.292400002,0.300199986,0.301400006,0.2588,0.289000005,0.314999998,0.382999986,0.382999986,0.307399988,0.292100012,0.301200002,0.2465,0.284700006,0.289700001,0.362599999,0.391499996,0.295100003,0.284799993,0.299499989,0.264899999,0.275200009,0.271899998,0.339300007,0.316599995,0.283800006,0.288300008,0.2773,0.191200003,0.265700012,0.257299989,0.330799997,0.385199994
140,0.336100012,0.331699997,0.345699996,0.284399986,0.342200011,0.319200009,0.4366,0.366699994,0.316000015,0.324600011,0.325399995,0.279500008,0.311199993,0.340000004,0.416000009,0.416299999,0.330900013,0.316000015,0.325300008,0.26730001,0.306499988,0.312000006,0.394300014,0.424699992,0.317600012,0.308699995,0.323599994,0.287200004,0.296499997,0.292699993,0.368699998,0.342099994,0.305700004,0.312000006,0.300500005,0.206599995,0.28670001,0.27759999,0.359200001,0.419
145,0.363400012,0.359499991,0.373600006,0.305500001,0.369899988,0.346500009,0.471500009,0.393099993,0.340999991,0.351200014,0.350699991,0.300399989,0.335500002,0.368000001,0.450899988,0.451000005,0.357300013,0.341300011,0.350699991,0.287699997,0.329899997,0.337199986,0.42840001,0.458799988,0.342900008,0.333499998,0.348699987,0.309100002,0.319000006,0.315400004,0.4005,0.370099992,0.328999996,0.337099999,0.323199987,0.223499998,0.307799995,0.298299998,0.391000003,0.454400003
150,0.394199997,0.389099985,0.403699994,0.331200004,0.399500012,0.376199991,0.504199982,0.419,0.369300008,0.379999995,0.378600001,0.324299991,0.362800002,0.398200005,0.485300004,0.484600008,0.387499988,0.369800001,0.377700001,0.309700012,0.35679999,0.365500003,0.463099986,0.491299987,0.371100008,0.361099988,0.376399994,0.333499998,0.343899995,0.341699988,0.433999985,0.4014,0.356299996,0.364399999,0.34830001,0.242500007,0.332100004,0.321799994,0.422899991,0.489300013
155,0.426299989,0.420300007,0.438199997,0.360700011,0.431100011,0.407400012,0.541499972,0.4454,0.400200009,0.411199987,0.412,0.353799999,0.393700004,0.430900007,0.51819998,0.517400026,0.418799996,0.399899989,0.4102,0.337099999,0.386099994,0.396100014,0.494300008,0.523699999,0.402500004,0.390599996,0.408100009,0.362199992,0.372099996,0.371199995,0.467999995,0.435000002,0.386299998,0.39410001,0.377700001,0.263300002,0.359600008,0.348699987,0.456200004,0.520799994
160,0.460299999,0.453799993,0.474099994,0.392699987,0.46360001,0.439399987,0.583999991,0.470800012,0.432799995,0.444700003,0.44780001,0.386099994,0.424400002,0.463499993,0.556999981,0.556299984,0.452300012,0.432000011,0.44569999,0.368099988,0.417199999,0.4278,0.529299974,0.560199976,0.435099989,0.422100008,0.442699999,0.395500004,0.402399987,0.400999993,0.498299986,0.467400014,0.418099999,0.425300002,0.411000013,0.285400003,0.388799995,0.376899987,0.486999989,0.55369997
165,0.493000001,0.486000001,0.506299973,0.425999999,0.494399995,0.470499992,0.629700005,0.497799993,0.466800004,0.478599995,0.481999993,0.419999987,0.456400007,0.493099988,0.600899994,0.600000024,0.483999997,0.466100007,0.479099989,0.400599986,0.448300004,0.460799992,0.568599999,0.602699995,0.467099994,0.456099987,0.476500005,0.429899991,0.433999985,0.432099998,0.532800019,0.498199999,0.449999988,0.458900005,0.444499999,0.308200002,0.41960001,0.407099992,0.519900024,0.592599988
170,0.524800003,0.518700004,0.539499998,0.459600002,0.525699973,0.503099978,0.673399985,0.526600003,0.497900009,0.510599971,0.512600005,0.453599989,0.486499995,0.52640003,0.644900024,0.644599974,0.514400005,0.497299999,0.5097,0.433800012,0.478599995,0.490700006,0.612100005,0.648100019,0.497999996,0.487199992,0.507099986,0.462700009,0.46540001,0.46450001,0.572700024,0.531899989,0.481900007,0.49059999,0.475499988,0.333499998,0.451400012,0.438800007,0.557900012,0.635599971
175,0.560100019,0.5546,0.576499999,0.492799997,0.560699999,0.538900018,0.717499971,0.554499984,0.531400025,0.544700027,0.546899974,0.485799998,0.51849997,0.561699986,0.687900007,0.686399996,0.549700022,0.531300008,0.543799996,0.466300011,0.508899987,0.524299979,0.655399978,0.689599991,0.531300008,0.520099998,0.540300012,0.493900001,0.494599998,0.495700002,0.615100026,0.570900023,0.514800012,0.523299992,0.505800009,0.362500012,0.48179999,0.471700013,0.600000024,0.67809999
180,0.598200023,0.591700017,0.614300013,0.529100001,0.597299993,0.576499999,0.759000003,0.581399977,0.568700016,0.580799997,0.585399985,0.521399975,0.553300023,0.599600017,0.730099976,0.727500021,0.587300003,0.566799998,0.580600023,0.500400007,0.543099999,0.560299993,0.697799981,0.728100002,0.567600012,0.55369997,0.577499986,0.528500021,0.52670002,0.529699981,0.656599998,0.614400029,0.549600005,0.557500005,0.541400015,0.395200014,0.512700021,0.503799975,0.64230001,0.716799974
185,0.637499988,0.630599976,0.652700007,0.568099976,0.635100007,0.612999976,0.796400011,0.605099976,0.6074,0.618499994,0.623700023,0.560599983,0.589699984,0.636799991,0.76880002,0.765500009,0.625500023,0.604600012,0.619499981,0.538200021,0.579599977,0.596800029,0.738499999,0.766600013,0.604799986,0.590699971,0.614499986,0.567900002,0.561999977,0.564400017,0.698700011,0.657500029,0.586499989,0.593800008,0.57889998,0.429500014,0.546899974,0.537899971,0.684400022,0.752200007
190,0.675700009,0.66900003,0.691799998,0.60680002,0.672399998,0.650099993,0.836000025,0.625400007,0.644599974,0.657800019,0.660700023,0.598100007,0.626699984,0.674300015,0.808499992,0.806699991,0.662899971,0.641799986,0.656499982,0.576399982,0.615400016,0.632200003,0.7773,0.808499992,0.64230001,0.628600001,0.652400017,0.606100023,0.598699987,0.599699974,0.740199983,0.700200021,0.623199999,0.630699992,0.615199983,0.461199999,0.582700014,0.573199987,0.726100028,0.787800014
195,0.714900017,0.709500015,0.73119998,0.644699991,0.712100029,0.690299988,0.877900004,0.643700004,0.682399988,0.697000027,0.698499978,0.635100007,0.662299991,0.715900004,0.849600017,0.851999998,0.702600002,0.679199994,0.693499982,0.612600029,0.651000023,0.669200003,0.817300022,0.853699982,0.680299997,0.666499972,0.689800024,0.64349997,0.633899987,0.635100007,0.779900014,0.739499986,0.6602,0.668500006,0.652400017,0.495099992,0.619099975,0.608399987,0.764500022,0.827300012
200,0.754299998,0.747900009,0.763899982,0.682500005,0.75150001,0.730499983,0.917200029,0.660099983,0.722899973,0.736800015,0.735700011,0.670700014,0.700200021,0.755100012,0.889900029,0.894299984,0.742500007,0.718800008,0.730300009,0.647400022,0.686800003,0.708299994,0.857500017,0.896700025,0.720200002,0.70450002,0.725799978,0.677399993,0.66839999,0.672200024,0.820500016,0.77609998,0.699899971,0.707599998,0.688799977,0.531000018,0.652700007,0.643400013,0.80369997,0.868900001
205,0.789600015,0.782500029,0.796000004,0.720200002,0.787199974,0.766900003,0.957300007,0.67930001,0.759500027,0.773299992,0.76849997,0.707799971,0.739099979,0.790700018,0.930599988,0.93599999,0.779200017,0.756099999,0.764800012,0.683499992,0.725700021,0.748099983,0.898699999,0.93809998,0.758400023,0.742799997,0.759800017,0.71390003,0.707599998,0.712100029,0.862399995,0.817300022,0.739899993,0.745000005,0.724699974,0.570100009,0.689700007,0.682099998,0.842199981,0.910300016
210,0.82099998,0.813499987,0.826499999,0.756900012,0.819100022,0.799799979,0.995800018,0.698199987,0.792699993,0.807399988,0.799300015,0.744199991,0.775099993,0.824199975,0.970300019,0.974699974,0.812300026,0.790099978,0.795000017,0.721000016,0.762899995,0.781899989,0.941200018,0.975899994,0.79339999,0.776499987,0.792400002,0.748300016,0.745400012,0.749899983,0.905200005,0.860199988,0.777100027,0.779399991,0.756200016,0.606700003,0.728100002,0.721400023,0.879899979,0.951799989
215,0.853900015,0.846099973,0.857299984,0.793500006,0.851300001,0.833000004,1.029199958,0.711799979,0.826399982,0.839900017,0.830799997,0.780499995,0.809499979,0.85860002,1.007099986,1.007799983,0.846099973,0.822600007,0.828100026,0.756399989,0.794799984,0.816299975,0.983799994,1.008200049,0.827600002,0.808300018,0.826200008,0.783900023,0.781000018,0.784799993,0.947600007,0.903400004,0.81129998,0.811999977,0.789399981,0.644500017,0.763700008,0.75819999,0.918099999,0.991299987
220,0.886399984,0.879499972,0.887899995,0.829100013,0.884599984,0.866699994,1.054700017,0.725300014,0.858799994,0.87379998,0.863300025,0.816500008,0.842499971,0.893899977,1.036800027,1.036599994,0.880800009,0.85589999,0.860700011,0.792299986,0.827700019,0.851100028,1.019299984,1.03579998,0.861199975,0.842199981,0.860000014,0.817700028,0.815100014,0.818899989,0.987500012,0.946699977,0.845600009,0.844500005,0.824500024,0.681500018,0.797500014,0.793299973,0.956099987,1.027500033
225,0.921000004,0.911899984,0.917200029,0.862600029,0.917100012,0.898500025,1.083600044,0.736199975,0.89289999,0.908200026,0.894699991,0.849699974,0.875999987,0.927200019,1.064299941,1.058799982,0.913800001,0.889400005,0.892400026,0.826600015,0.859600008,0.88499999,1.045300007,1.057399988,0.894599974,0.874499977,0.89139998,0.851199985,0.847299993,0.852400005,1.021999955,0.986699998,0.878899992,0.878099978,0.856599987,0.719200015,0.828999996,0.826499999,0.991699994,1.055099964
230,0.950500011,0.941999972,0.943899989,0.894400001,0.944599986,0.926599979,1.110999942,0.748700023,0.923399985,0.940100014,0.922900021,0.881900012,0.908599973,0.955200016,1.092000008,1.085000038,0.944400012,0.919700027,0.922500014,0.858399987,0.891300023,0.917200029,1.072999954,1.082100034,0.926299989,0.907100022,0.920099974,0.882499993,0.880699992,0.886200011,1.045899987,1.018700004,0.912299991,0.91109997,0.886799991,0.754700005,0.861400008,0.859399974,1.023599982,1.076099992
235,0.976899981,0.969299972,0.966499984,0.924600005,0.970399976,0.954400003,1.133399963,0.762099981,0.952000022,0.969099998,0.949800014,0.912400007,0.937300026,0.981599987,1.115300059,1.110100031,0.972000003,0.949800014,0.948700011,0.888199985,0.921800017,0.946500003,1.101099968,1.106999993,0.95539999,0.936500013,0.945500016,0.913100004,0.913299978,0.92019999,1.074699998,1.046200037,0.943300009,0.942499995,0.915499985,0.790300012,0.89319998,0.894400001,1.048699975,1.102900028
240,0.999499977,0.992699981,0.987100005,0.950399995,0.991999984,0.976499975,1.154500008,0.779100001,0.977100015,0.993300021,0.973200023,0.939199984,0.963,1.002300024,1.136299968,1.131999969,0.995700002,0.974099994,0.972899973,0.916700006,0.947000027,0.970799983,1.123200059,1.128299952,0.980400026,0.962700009,0.968200028,0.936800003,0.941500008,0.950200021,1.103000045,1.069300056,0.970799983,0.970799983,0.940299988,0.825600028,0.923300028,0.927600026,1.079399943,1.128700018
245,1.021600008,1.015100002,1.006600022,0.973800004,1.013200045,0.996399999,1.168599963,0.795400023,0.99879998,1.015599966,0.989600003,0.962599993,0.985899985,1.026499987,1.153100014,1.148599982,1.015100002,0.996800005,0.99059999,0.941500008,0.971099973,0.993499994,1.145200014,1.146000028,1.001899958,0.985599995,0.988600016,0.959999979,0.967299998,0.976199985,1.126299977,1.096199989,0.994799972,0.992600024,0.962300003,0.859700024,0.951900005,0.957199991,1.106699944,1.15139997
250,1.04519999,1.041300058,1.028599977,0.992200017,1.038800001,1.021999955,1.184200048,0.811699986,1.023499966,1.041300058,1.013599992,0.981700003,1.005499959,1.050300002,1.167600036,1.162899971,1.041200042,1.020099998,1.013700008,0.9648,0.991699994,1.016800046,1.159399986,1.160300016,1.023399949,1.006199956,1.007500052,0.979099989,0.988799989,0.999300003,1.148100019,1.118800044,1.015699983,1.014400005,0.980599999,0.89200002,0.974799991,0.9824,1.131399989,1.169499993
255,1.067399979,1.061499953,1.049299955,1.016800046,1.059999943,1.04400003,1.199300051,0.828800023,1.045300007,1.062100053,1.034000039,1.003399968,1.031000018,1.072600007,1.182600021,1.177899957,1.062399983,1.042999983,1.033699989,0.983200014,1.014999986,1.04369998,1.174600005,1.175099969,1.047700047,1.031200051,1.029099941,0.998600006,1.009699941,1.022199988,1.162999988,1.140599966,1.041700006,1.039100051,0.99940002,0.922699988,0.996900022,1.006399989,1.151600003,1.184999943
260,1.08829999,1.082700014,1.067499995,1.039800048,1.08220005,1.065500021,1.212700009,0.845799983,1.065899968,1.082800031,1.05400002,1.027400017,1.052899957,1.094400048,1.195000052,1.195199966,1.082399964,1.063699961,1.052399993,1.00759995,1.039899945,1.065899968,1.190500021,1.191699982,1.070500016,1.051499963,1.049100041,1.021499991,1.03610003,1.048799992,1.178900003,1.158400059,1.065000057,1.060700059,1.021399975,0.949299991,1.020499945,1.029800057,1.166200042,1.201200008
265,1.107599974,1.101899981,1.087700009,1.060600042,1.102300048,1.086699963,1.226500034,0.863399982,1.085299969,1.102599978,1.073899984,1.047799945,1.075500011,1.113899946,1.208500028,1.210899949,1.104500055,1.085100055,1.070600033,1.030799985,1.060299993,1.088600039,1.203500032,1.207599998,1.09010005,1.07280004,1.068099976,1.042400002,1.059499979,1.071400046,1.194499969,1.173300028,1.086300015,1.081400037,1.039199948,0.974799991,1.046800017,1.055699944,1.182600021,1.218199968
270,1.123299956,1.121199965,1.105000019,1.082399964,1.120100021,1.104500055,1.241299987,0.880800009,1.104599953,1.119199991,1.091400027,1.069700003,1.093799949,1.130599976,1.222300053,1.22510004,1.122799993,1.103500009,1.089300036,1.049499989,1.078799963,1.109300017,1.217300057,1.22239995,1.110999942,1.092499971,1.086799979,1.06159997,1.079900026,1.091400027,1.207499981,1.189599991,1.107800007,1.101500034,1.059200048,0.995299995,1.070199966,1.076799989,1.197299957,1.232599974
275,1.133999944,1.1329,1.117699981,1.102100015,1.132200003,1.118100047,1.256500006,0.899500012,1.11740005,1.129799962,1.10619998,1.089100003,1.114199996,1.141000032,1.236099958,1.239400029,1.13440001,1.118199944,1.105000019,1.068699956,1.098199964,1.123900056,1.231299996,1.236099958,1.12530005,1.108199954,1.102100015,1.083400011,1.100299954,1.111799955,1.220600009,1.205800056,1.128000021,1.116899967,1.076300025,1.020099998,1.092100024,1.099599957,1.21239996,1.246299982
280,1.145599961,1.139700055,1.125499964,1.115399957,1.141499996,1.126999974,1.26789999,0.915700018,1.127200007,1.139799953,1.118600011,1.105499983,1.127400041,1.148499966,1.24940002,1.251999974,1.144500017,1.127699971,1.11500001,1.087900043,1.111600041,1.13380003,1.244300008,1.249300003,1.137199998,1.118499994,1.115499973,1.098099947,1.115800023,1.123100042,1.233800054,1.219300032,1.140200019,1.128299952,1.093099952,1.040400028,1.111299992,1.11500001,1.226099968,1.25940001
285,1.151499987,1.148000002,1.13380003,1.126700044,1.148000002,1.133700013,1.279500008,0.929899991,1.139600039,1.147899985,1.126199961,1.115800023,1.134600043,1.158900023,1.261500001,1.263900042,1.15199995,1.134600043,1.123200059,1.104300022,1.121399999,1.14349997,1.257400036,1.260900021,1.146399975,1.128900051,1.123100042,1.108700037,1.129199982,1.133700013,1.247599959,1.232200027,1.1523,1.136700034,1.103099942,1.060600042,1.12650001,1.129799962,1.239599943,1.272300005
290,1.163100004,1.159100056,1.14260006,1.136600018,1.161599994,1.145499945,1.292000055,0.944700003,1.146399975,1.157500029,1.133100033,1.126799941,1.144000053,1.167400002,1.273200035,1.276100039,1.165400028,1.145200014,1.133900046,1.114300013,1.128999949,1.154999971,1.269899964,1.273399949,1.157799959,1.137500048,1.134899974,1.119199991,1.138100028,1.146100044,1.261100054,1.245599985,1.15989995,1.146100044,1.114899993,1.08099997,1.138299942,1.140799999,1.252799988,1.28489995
295,1.173499942,1.16960001,1.154299974,1.147400022,1.172500014,1.154999971,1.303500056,0.958500028,1.159999967,1.17019999,1.144099951,1.138700008,1.154700041,1.179700017,1.284700036,1.28760004,1.176599979,1.157600045,1.145400047,1.125699997,1.139500022,1.162899971,1.281100035,1.28489995,1.166900039,1.15139997,1.142500043,1.132699966,1.149600029,1.156499982,1.273599982,1.258999944,1.173699975,1.156900048,1.126199961,1.102300048,1.148900032,1.1523,1.266600013,1.297199965
300,1.186800003,1.177899957,1.163300037,1.155500054,1.181200027,1.165099978,1.314299941,0.971700013,1.168599963,1.182700038,1.156200051,1.145799994,1.164700031,1.190799952,1.295699954,1.298499942,1.186300039,1.167899966,1.154299974,1.135800004,1.148399949,1.176599979,1.292500019,1.295699954,1.179200053,1.158100009,1.15260005,1.14289999,1.156299949,1.165400028,1.284999967,1.271800041,1.183799982,1.169199944,1.13440001,1.11650002,1.158499956,1.161200047,1.278399944,1.307700038
305,1.197900057,1.192199945,1.173300028,1.165199995,1.189399958,1.178799987,1.327200055,0.985499978,1.182000041,1.190999985,1.164700031,1.156599998,1.175199986,1.203299999,1.308200002,1.308300018,1.200099945,1.181200027,1.166499972,1.144400001,1.161200047,1.189200044,1.304700017,1.307000041,1.191400051,1.17050004,1.166499972,1.152799964,1.16900003,1.177899957,1.296300054,1.283300042,1.192800045,1.180500031,1.143700004,1.129600048,1.170099974,1.171900034,1.290500045,1.319399953
310,1.206599951,1.204599977,1.183099985,1.177899957,1.200899959,1.187600017,1.338500023,0.998600006,1.193400025,1.204200029,1.175899982,1.170600057,1.187000036,1.213500023,1.319499969,1.319499969,1.213000059,1.191900015,1.175199986,1.154700041,1.174700022,1.198500037,1.316499949,1.317700028,1.202999949,1.181800008,1.176699996,1.162299991,1.182100058,1.189700007,1.307600021,1.29429996,1.206699967,1.191200018,1.155300021,1.139799953,1.181399941,1.184399962,1.301100016,1.33010006
315,1.220800042,1.214100003,1.194000006,1.188899994,1.21449995,1.199399948,1.349699974,1.011000037,1.204599977,1.214300036,1.184399962,1.177899957,1.197600007,1.225499988,1.330800056,1.330299973,1.220000029,1.201099992,1.18780005,1.16960001,1.185899973,1.209900022,1.328199983,1.329100013,1.211099982,1.194100022,1.186499953,1.173499942,1.192299962,1.196699977,1.319000006,1.304200053,1.216799974,1.200999975,1.165500045,1.149799943,1.192299962,1.193600059,1.312700033,1.341599941
320,1.226500034,1.220600009,1.199800014,1.199300051,1.222300053,1.205600023,1.360700011,1.023699999,1.212100029,1.223999977,1.195299983,1.190299988,1.209499955,1.234799981,1.341799974,1.341400027,1.230999947,1.21389997,1.192000031,1.179700017,1.19509995,1.219599962,1.339699984,1.340199947,1.221600056,1.20389998,1.196200013,1.185799956,1.20630002,1.210100055,1.330899954,1.315600038,1.225299954,1.211099982,1.177299976,1.159500003,1.202600002,1.205600023,1.322900057,1.352599978
325,1.235200047,1.233299971,1.211899996,1.208999991,1.228000045,1.217000008,1.371199965,1.03579998,1.222300053,1.23239994,1.20539999,1.201300025,1.217399955,1.241799951,1.351300001,1.351400018,1.235399961,1.220700026,1.204900026,1.190299988,1.203199983,1.228999972,1.350999951,1.349699974,1.228399992,1.210299969,1.206900001,1.196200013,1.215199947,1.221400023,1.342499971,1.326599956,1.235100031,1.220299959,1.184299946,1.170400023,1.21449995,1.216899991,1.334699988,1.363399982
330,1.246600032,1.238199949,1.218199968,1.219499946,1.235999942,1.222800016,1.380599976,1.046900034,1.229200006,1.242799997,1.212599993,1.213500023,1.227900028,1.251600027,1.360999942,1.360999942,1.244600058,1.226400018,1.210000038,1.200899959,1.21420002,1.235599995,1.360999942,1.358700037,1.242699981,1.220299959,1.212700009,1.206200004,1.22300005,1.229799986,1.353299975,1.337599993,1.246099949,1.230900049,1.195199966,1.181200027,1.222599983,1.224900007,1.345700026,1.373399973
335,1.251299977,1.247900009,1.226300001,1.228099942,1.248200059,1.233700037,1.390699983,1.058400035,1.236600041,1.249799967,1.219200015,1.217599988,1.234699965,1.25880003,1.369699955,1.369799972,1.254699945,1.235100031,1.219499946,1.208099961,1.223700047,1.246999979,1.369699955,1.367499948,1.24969995,1.225999951,1.222900033,1.215800047,1.231400013,1.236700058,1.364599943,1.34860003,1.255300045,1.237200022,1.203099966,1.191599965,1.234300017,1.235000014,1.357599974,1.383000016
340,1.259500027,1.257500052,1.234099984,1.237400055,1.255900025,1.243299961,1.398699999,1.069300056,1.245100021,1.258700013,1.229099989,1.23029995,1.240100026,1.266299963,1.377500057,1.378000021,1.263599992,1.246000051,1.23119998,1.219599962,1.231400013,1.258000016,1.379099965,1.376000047,1.258399963,1.237499952,1.23029995,1.220999956,1.24000001,1.246700048,1.373299956,1.359099984,1.264199972,1.246199965,1.210299969,1.204399943,1.241299987,1.244799972,1.368700027,1.39260006
345,1.266800046,1.260599971,1.242699981,1.245800018,1.258399963,1.246999979,1.406900048,1.080199957,1.253000021,1.267400026,1.23360002,1.234200001,1.251000047,1.27639997,1.384699941,1.386000037,1.271399975,1.252900004,1.239500046,1.225800037,1.234099984,1.263299942,1.386800051,1.383700013,1.265799999,1.246700048,1.239300013,1.231600046,1.248399973,1.251000047,1.381700039,1.368100047,1.270699978,1.255399942,1.217200041,1.214300036,1.250399947,1.251199961,1.378600001,1.400900006
350,1.273000002,1.269299984,1.253499985,1.251399994,1.271000028,1.254999995,1.415199995,1.090000033,1.262400031,1.273499966,1.244699955,1.245100021,1.25940001,1.280400038,1.39349997,1.39470005,1.279999971,1.263399959,1.242699981,1.233899951,1.24150002,1.270699978,1.393900037,1.392099977,1.272600055,1.253800035,1.246999979,1.24000001,1.257500052,1.262899995,1.389500022,1.377699971,1.278800011,1.263900042,1.225700021,1.223399997,1.255699992,1.26030004,1.389000058,1.409500003
355,1.280500054,1.275500059,1.25849998,1.260400057,1.275099993,1.264600039,1.422600031,1.099400043,1.269600034,1.27699995,1.253999949,1.254400015,1.26639998,1.286299944,1.401100039,1.402500033,1.286200047,1.269799948,1.253499985,1.242599964,1.254899979,1.276600003,1.40139997,1.400300026,1.279700041,1.25999999,1.253399968,1.247900009,1.267199993,1.269000053,1.398200035,1.386500001,1.281499982,1.26880002,1.234799981,1.231600046,1.266499996,1.269799948,1.398200035,1.418200016
360,1.288200021,1.283300042,1.266899943,1.271800041,1.282099962,1.269500017,1.432800055,1.108899951,1.276200056,1.290899992,1.260900021,1.260800004,1.274700046,1.295699954,1.409500003,1.411399961,1.292999983,1.276900053,1.263800025,1.253600001,1.260699987,1.282799959,1.409999967,1.409399986,1.287799954,1.267500043,1.263700008,1.256899953,1.272699952,1.273300052,1.406499982,1.395799994,1.291900039,1.277500033,1.24150002,1.242599964,1.272899985,1.273699999,1.408300042,1.42719996
365,1.296200037,1.289199948,1.272099972,1.279700041,1.290799975,1.280200005,1.441400051,1.119400024,1.284100056,1.298799992,1.268100023,1.271000028,1.281499982,1.302600026,1.417199969,1.41929996,1.298699975,1.283699989,1.26820004,1.260200024,1.268399954,1.293300033,1.418200016,1.417400002,1.293300033,1.273200035,1.26970005,1.264400005,1.279800057,1.283499956,1.414600015,1.404299974,1.300500035,1.282600045,1.253800035,1.251399994,1.278599977,1.282899976,1.416499972,1.435299993
370,1.302899957,1.294999957,1.279399991,1.287099957,1.299299955,1.284199953,1.450099945,1.129600048,1.287799954,1.302299976,1.276600003,1.279500008,1.289700031,1.310099959,1.426100016,1.427700043,1.308200002,1.291499972,1.281000018,1.269199967,1.276800036,1.302000046,1.425899982,1.425899982,1.300500035,1.283200026,1.279000044,1.273900032,1.287400007,1.292199969,1.421900034,1.412400007,1.308899999,1.288100004,1.258900046,1.263700008,1.286499977,1.292199969,1.425799966,1.443799973
375,1.310199976,1.304499984,1.290699959,1.292999983,1.308200002,1.291900039,1.457599998,1.138599992,1.294999957,1.31190002,1.282899976,1.28550005,1.297899961,1.322100043,1.434000015,1.435899973,1.314900041,1.295300007,1.287400007,1.276200056,1.283200026,1.307899952,1.433899999,1.434000015,1.308899999,1.29279995,1.291399956,1.277199984,1.294499993,1.297299981,1.42990005,1.420799971,1.315299988,1.297099948,1.269199967,1.270699978,1.297799945,1.29610002,1.433500051,1.452100039
380,1.315999985,1.309399962,1.299000025,1.29519999,1.309000015,1.301499963,1.465499997,1.147199988,1.30490005,1.313199997,1.289600015,1.29519999,1.306200027,1.327499986,1.442000031,1.444800019,1.32130003,1.306699991,1.29279995,1.285599947,1.289800048,1.317800045,1.442100048,1.442399979,1.317299962,1.297799945,1.294800043,1.286499977,1.302800059,1.306800008,1.4375,1.429100037,1.322900057,1.307299972,1.280300021,1.278599977,1.301599979,1.302899957,1.441900015,1.460500002
385,1.328699946,1.323899984,1.309200048,1.308400035,1.324900031,1.31309998,1.473799944,1.155699968,1.314200044,1.327499986,1.296700001,1.303500056,1.312899947,1.339599967,1.451400042,1.453400016,1.330899954,1.312100053,1.305500031,1.295099974,1.300699949,1.324100018,1.451500058,1.451699972,1.330299973,1.306300044,1.306399941,1.297099948,1.310099959,1.316599965,1.446200013,1.438899994,1.333400011,1.315700054,1.283800006,1.287899971,1.309700012,1.315899968,1.452999949,1.469799995
390,1.334900022,1.328799963,1.318400025,1.319399953,1.330199957,1.320700049,1.481600046,1.164199948,1.32249999,1.333899975,1.308899999,1.307999969,1.321200013,1.343500018,1.460199952,1.462599993,1.339100003,1.323500037,1.310500026,1.299399972,1.303900003,1.334400058,1.459200025,1.460899949,1.335600019,1.316900015,1.313699961,1.307000041,1.316100001,1.325600028,1.45570004,1.448099971,1.341099977,1.325899959,1.294399977,1.29610002,1.318699956,1.323500037,1.463099957,1.479099989
395,1.345100045,1.33889997,1.329300046,1.329100013,1.336300015,1.327100039,1.490200043,1.171700001,1.334499955,1.342300057,1.317399979,1.322299957,1.328999996,1.353800058,1.468799949,1.471300006,1.349099994,1.332399964,1.32099998,1.310299993,1.315400004,1.342399955,1.467599988,1.468799949,1.344599962,1.327399969,1.327000022,1.315600038,1.324399948,1.331699967,1.46389997,1.456200004,1.34679997,1.332100034,1.304999948,1.306499958,1.328099966,1.332800031,1.471199989,1.486700058
400,1.353999972,1.34920001,1.338099957,1.332700014,1.349799991,1.340899944,1.496600032,1.180600047,1.342800021,1.34860003,1.323600054,1.327900052,1.337100029,1.364199996,1.476600051,1.479799986,1.357599974,1.343000054,1.330800056,1.319200039,1.326400042,1.348999977,1.475800037,1.476899981,1.351300001,1.332599998,1.334400058,1.324000001,1.333699942,1.343299985,1.471600056,1.46449995,1.358500004,1.340299964,1.313899994,1.315999985,1.338799953,1.337900043,1.478899956,1.494899988
405,1.358999968,1.357200027,1.342499971,1.345199943,1.352599978,1.344499946,1.502500057,1.18840003,1.351099968,1.358399987,1.334400058,1.337499976,1.343299985,1.370800018,1.483399987,1.487800002,1.3671,1.35010004,1.336899996,1.328600049,1.331400037,1.354599953,1.48179996,1.484200001,1.359099984,1.33920002,1.344599962,1.333500028,1.342399955,1.348700047,1.479400039,1.472900033,1.366899967,1.347800016,1.326200008,1.322999954,1.345900059,1.350399971,1.485999942,1.502400041
410,1.368199944,1.362300038,1.352399945,1.351799965,1.364599943,1.351199985,1.50880003,1.19599998,1.357800007,1.365399957,1.346300006,1.343899965,1.34860003,1.375100017,1.490200043,1.494799972,1.37530005,1.354400039,1.343400002,1.335700035,1.340899944,1.365700006,1.487800002,1.491700053,1.366999984,1.351699948,1.349900007,1.341500044,1.352499962,1.358199954,1.485700011,1.480800033,1.372799993,1.356299996,1.33099997,1.325199962,1.352100015,1.360100031,1.492200017,1.509799957
415,1.375800014,1.368700027,1.35739994,1.357599974,1.371199965,1.355399966,1.513900042,1.201900005,1.363000035,1.371199965,1.350800037,1.348500013,1.360200047,1.380699992,1.496299982,1.501299977,1.38380003,1.363000035,1.353600025,1.342399955,1.347900033,1.373100042,1.493700027,1.498000026,1.37469995,1.356699944,1.357599974,1.348700047,1.359899998,1.363399982,1.491400003,1.488000035,1.378000021,1.361500025,1.336699963,1.335299969,1.359200001,1.361700058,1.500100017,1.514999986
420,1.38259995,1.376199961,1.3671,1.362300038,1.377099991,1.362200022,1.518700004,1.208699942,1.371000051,1.374899983,1.35739994,1.359099984,1.361400008,1.391800046,1.501799941,1.507200003,1.386500001,1.366999984,1.358899951,1.347499967,1.351699948,1.376299977,1.498299956,1.502799988,1.378900051,1.361299992,1.361400008,1.350900054,1.361600041,1.373000026,1.496799946,1.494500041,1.384899974,1.368299961,1.343899965,1.341899991,1.366400003,1.369899988,1.504799962,1.521000028
425,1.388399959,1.383200049,1.370599985,1.372499943,1.381500006,1.373100042,1.523399949,1.213999987,1.380599976,1.384199977,1.360399961,1.366000056,1.371399999,1.394000053,1.506700039,1.512699962,1.390300035,1.375,1.36469996,1.356899977,1.35739994,1.38499999,1.503299952,1.507699966,1.389199972,1.369199991,1.366700053,1.359099984,1.370599985,1.377599955,1.501199961,1.500399947,1.394299984,1.373399973,1.355700016,1.349900007,1.373200059,1.379899979,1.510100007,1.525599957
430,1.392799973,1.386299968,1.378999949,1.376299977,1.382500052,1.374300003,1.525099993,1.217599988,1.382300019,1.390699983,1.368600011,1.368600011,1.373000026,1.399999976,1.510599971,1.516700029,1.396999955,1.379699945,1.371999979,1.358500004,1.360800028,1.388800025,1.507799983,1.512799978,1.39230001,1.370100021,1.371899962,1.363999963,1.375200033,1.385200024,1.506199956,1.506000042,1.396499991,1.378499985,1.359099984,1.356099963,1.377300024,1.384500027,1.515599966,1.531499982
435,1.397699952,1.39470005,1.386299968,1.380900025,1.390900016,1.382200003,1.529899955,1.221400023,1.389999986,1.396600008,1.378200054,1.377400041,1.379600048,1.403599977,1.516100049,1.522600055,1.402099967,1.388200045,1.377799988,1.369699955,1.364899993,1.394600034,1.512599945,1.518100023,1.398499966,1.379699945,1.381899953,1.371399999,1.384600043,1.390900016,1.511500001,1.512500048,1.406000018,1.390200019,1.365200043,1.363399982,1.385800004,1.390100002,1.521299958,1.536399961
440,1.407799959,1.400900006,1.389199972,1.387300014,1.394799948,1.390400052,1.53489995,1.225200057,1.397099972,1.403399944,1.384699941,1.384799957,1.385599971,1.412799954,1.521600008,1.527899981,1.410400033,1.389899969,1.388700008,1.375499964,1.375699997,1.403100014,1.518300056,1.523699999,1.404700041,1.385900021,1.386399984,1.377400041,1.388599992,1.39380002,1.516899943,1.518300056,1.414100051,1.390900016,1.372900009,1.368600011,1.390499949,1.397099972,1.527099967,1.541499972
445,1.41170001,1.407600045,1.398800015,1.397799969,1.401499987,1.393599987,1.541100025,1.227300048,1.403100014,1.406000018,1.392199993,1.387099981,1.392099977,1.416599989,1.52670002,1.533699989,1.414600015,1.396900058,1.39230001,1.378499985,1.382500052,1.409999967,1.524399996,1.528800011,1.409800053,1.393599987,1.396900058,1.386500001,1.397099972,1.403100014,1.521600008,1.524299979,1.417000055,1.397099972,1.378499985,1.379099965,1.396700025,1.405699968,1.532799959,1.547899961
450,1.421499968,1.414299965,1.404600024,1.401800036,1.410599947,1.403399944,1.547299981,1.23029995,1.408800006,1.414899945,1.398399949,1.397899985,1.396800041,1.42840004,1.533400059,1.539499998,1.41960001,1.40079999,1.400200009,1.387699962,1.390100002,1.414000034,1.529199958,1.534500003,1.418099999,1.395699978,1.402999997,1.391800046,1.399999976,1.411999941,1.526800036,1.530500054,1.421900034,1.4023,1.386700034,1.385900021,1.406599998,1.411499977,1.538400054,1.553300023
455,1.423099995,1.419499993,1.410400033,1.412799954,1.415300012,1.404700041,1.55250001,1.231099963,1.418499947,1.416300058,1.407799959,1.404099941,1.406900048,1.431399941,1.538800001,1.544199944,1.430500031,1.411999941,1.405900002,1.395300031,1.393399954,1.421000004,1.535599947,1.540300012,1.422399998,1.40199995,1.407999992,1.399999976,1.405099988,1.414100051,1.532199979,1.53550005,1.42990005,1.410899997,1.390699983,1.390599966,1.40989995,1.416000009,1.544100046,1.559200048
460,1.427600026,1.423400044,1.418499947,1.417899966,1.415599942,1.410899997,1.556699991,1.232499957,1.422600031,1.422299981,1.408400059,1.404500008,1.410400033,1.438300014,1.54400003,1.548599958,1.432899952,1.411599994,1.414700031,1.396999955,1.39320004,1.424499989,1.540799975,1.544499993,1.422799945,1.404000044,1.418799996,1.405200005,1.409600019,1.418200016,1.537700057,1.539600015,1.434999943,1.414800048,1.398800015,1.396800041,1.417400002,1.423200011,1.548900008,1.563599944
465,1.433400035,1.425699949,1.424600005,1.424399972,1.425600052,1.418499947,1.562100053,1.234899998,1.424499989,1.432000041,1.414399981,1.416599989,1.41900003,1.439900041,1.550199986,1.553799987,1.435199976,1.419100046,1.418599963,1.405099988,1.405300021,1.431100011,1.545799971,1.550199986,1.433899999,1.413599968,1.422000051,1.407799959,1.418200016,1.425300002,1.543300033,1.544999957,1.440099955,1.417999983,1.40320003,1.406999946,1.423799992,1.430199981,1.555799961,1.569700003
470,1.440999985,1.435600042,1.42900002,1.430500031,1.428500056,1.421399951,1.567600012,1.234500051,1.434000015,1.434200048,1.424200058,1.419700027,1.420099974,1.444800019,1.556300044,1.559700012,1.444900036,1.422099948,1.427000046,1.411000013,1.406200051,1.441300035,1.552999973,1.555999994,1.440899968,1.420799971,1.429499984,1.41960001,1.422600031,1.433500051,1.549000025,1.550699949,1.446799994,1.428500056,1.4102,1.414700031,1.427800059,1.435600042,1.561499953,1.575500011
475,1.443500042,1.441599965,1.43809998,1.435500026,1.437600017,1.430799961,1.57280004,1.236799955,1.440199971,1.442700028,1.429399967,1.42719996,1.428200006,1.454100013,1.56190002,1.565600038,1.450199962,1.433300018,1.430099964,1.41779995,1.414800048,1.441900015,1.557700038,1.561300039,1.442499995,1.423599958,1.433699965,1.424800038,1.424499989,1.439299941,1.554399967,1.555400014,1.451699972,1.432700038,1.421700001,1.419999957,1.434299946,1.441900015,1.566699982,1.580000043
480,1.446699977,1.444399953,1.445199966,1.443600059,1.441900015,1.432100058,1.579200029,1.237100005,1.445000052,1.442899942,1.433400035,1.431800008,1.436100006,1.460299969,1.567999959,1.570500016,1.453699946,1.434499979,1.440999985,1.423699975,1.422000051,1.450899959,1.564599991,1.566599965,1.452000022,1.428599954,1.443099976,1.427800059,1.431499958,1.445500016,1.560500026,1.561100006,1.456900001,1.435299993,1.424000025,1.425999999,1.4375,1.444800019,1.572299957,1.585800052
485,1.45449996,1.449200034,1.448199987,1.44690001,1.446699977,1.442199945,1.585199952,1.237900019,1.449200034,1.452299953,1.441200018,1.43840003,1.43900001,1.462599993,1.575099945,1.577299953,1.455600023,1.442100048,1.446200013,1.429299951,1.424200058,1.450899959,1.57159996,1.573400021,1.45570004,1.437000036,1.44780004,1.438199997,1.441900015,1.454399943,1.567999959,1.566200018,1.460500002,1.442000031,1.431800008,1.429200053,1.4454,1.453500032,1.579900026,1.591199994
490,1.458799958,1.454100013,1.454900026,1.452700019,1.450700045,1.446799994,1.590499997,1.239500046,1.456599951,1.453500032,1.450700045,1.44780004,1.449200034,1.469699979,1.580299973,1.582399964,1.4648,1.445899963,1.450299978,1.436100006,1.431800008,1.460399985,1.577499986,1.577999949,1.458099961,1.441400051,1.451699972,1.438899994,1.445700049,1.454100013,1.572999954,1.571099997,1.469400048,1.450199962,1.43840003,1.439100027,1.449100018,1.458400011,1.586500049,1.597800016
495,1.466699958,1.464400053,1.458199978,1.456799984,1.454699993,1.452000022,1.596400023,1.24000001,1.459300041,1.461099982,1.451099992,1.453999996,1.452000022,1.473199964,1.586199999,1.587499976,1.468099952,1.452000022,1.454300046,1.444900036,1.438599944,1.466799974,1.583199978,1.583799958,1.465299964,1.44659996,1.461099982,1.449900031,1.451400042,1.460399985,1.578999996,1.577200055,1.473700047,1.452000022,1.442499995,1.445799947,1.452399969,1.463999987,1.592100024,1.602699995
500,1.47300005,1.468199968,1.467200041,1.466899991,1.460899949,1.456200004,1.601899981,1.23969996,1.4648,1.465199947,1.458699942,1.461599946,1.453199983,1.478399992,1.592200041,1.593199968,1.472900033,1.456599951,1.461300015,1.451500058,1.442100048,1.47179997,1.589100003,1.588600039,1.473399997,1.450600028,1.464599967,1.451900005,1.456799984,1.467900038,1.584800005,1.581900001,1.474599957,1.459300041,1.449599981,1.451400042,1.459200025,1.468799949,1.597499967,1.608399987
505,1.477100015,1.4727,1.473199964,1.470399976,1.468000054,1.460800052,1.60800004,1.241099954,1.470700026,1.47239995,1.46449995,1.46420002,1.46329999,1.487400055,1.599599957,1.60010004,1.479200006,1.462700009,1.469599962,1.457700014,1.448400021,1.4727,1.596899986,1.595700026,1.4727,1.459499955,1.475399971,1.460999966,1.465000033,1.470499992,1.592499971,1.588600039,1.480100036,1.463700056,1.456200004,1.459400058,1.468899965,1.478000045,1.604699969,1.61559999
510,1.484300017,1.477800012,1.477100015,1.476400018,1.472900033,1.467399955,1.614899993,1.243000031,1.476500034,1.475499988,1.470600009,1.469799995,1.467700005,1.486799955,1.60650003,1.605000019,1.483100057,1.465999961,1.473199964,1.464400053,1.45510006,1.480499983,1.602100015,1.600900054,1.478800058,1.46329999,1.477800012,1.467399955,1.464599967,1.475999951,1.597900033,1.592800021,1.485900044,1.466699958,1.464100003,1.464599967,1.470000029,1.476099968,1.610000014,1.620300055
515,1.48360002,1.482599974,1.483999968,1.481099963,1.479400039,1.472000003,1.620599985,1.242599964,1.479900002,1.480599999,1.476899981,1.478299975,1.470100045,1.494099975,1.611099958,1.610100031,1.490399957,1.470100045,1.478199959,1.468299985,1.458500028,1.48269999,1.608700037,1.607499957,1.484699965,1.465000033,1.484099984,1.472599983,1.472200036,1.485999942,1.604500055,1.598500013,1.491799951,1.475600004,1.470000029,1.470199943,1.477499962,1.481400013,1.61619997,1.626099944
520,1.49059999,1.487699986,1.486899972,1.484899998,1.479400039,1.477800012,1.625800014,1.243600011,1.484099984,1.485900044,1.482800007,1.48360002,1.472499967,1.496299982,1.617300034,1.616400003,1.4921,1.478399992,1.483700037,1.47239995,1.463000059,1.489500046,1.614099979,1.611400008,1.486700058,1.470000029,1.486899972,1.478899956,1.475399971,1.483800054,1.611099958,1.603399992,1.497300029,1.475800037,1.470800042,1.473399997,1.482300043,1.486299992,1.621099949,1.630800009
525,1.494899988,1.491700053,1.496099949,1.489400029,1.489099979,1.479799986,1.631899953,1.243600011,1.492200017,1.491099954,1.488800049,1.490100026,1.480700016,1.499899983,1.622900009,1.621399999,1.496899962,1.48119998,1.494199991,1.478800058,1.467599988,1.495599985,1.620800018,1.618100047,1.496600032,1.475999951,1.492499948,1.482499957,1.48119998,1.494199991,1.616899967,1.608899951,1.50090003,1.484599948,1.480999947,1.476400018,1.486700058,1.490800023,1.627900004,1.637400031
530,1.502699971,1.496000051,1.501899958,1.497599959,1.493000031,1.484099984,1.637500048,1.243999958,1.496899962,1.495800018,1.493299961,1.497900009,1.485800028,1.510499954,1.628499985,1.627599955,1.503900051,1.485000014,1.500100017,1.486999989,1.475200057,1.501600027,1.626899958,1.623600006,1.501299977,1.481099963,1.499600053,1.487300038,1.482499957,1.498399973,1.623600006,1.615300059,1.510699987,1.488700032,1.484200001,1.487499952,1.494899988,1.498000026,1.633999944,1.644000053
535,1.506600022,1.501000047,1.512599945,1.507099986,1.495599985,1.495000005,1.644400001,1.244400024,1.503800035,1.50059998,1.505100012,1.501099944,1.491899967,1.514899969,1.635599971,1.632799983,1.50849998,1.493700027,1.504299998,1.493999958,1.476899981,1.504500031,1.632699966,1.629699945,1.506899953,1.488399982,1.508599997,1.495800018,1.492599964,1.504400015,1.629699945,1.621000051,1.512300014,1.494899988,1.492799997,1.490399957,1.49940002,1.505399942,1.640100002,1.649799943
540,1.512500048,1.509299994,1.515599966,1.514799953,1.504999995,1.49849999,1.649399996,1.245800018,1.509699941,1.502500057,1.510400057,1.507799983,1.493499994,1.518700004,1.641000032,1.638000011,1.51639998,1.498600006,1.509500027,1.49969995,1.485200047,1.513499975,1.638700008,1.63530004,1.511800051,1.491799951,1.515699983,1.504899979,1.498800039,1.513200045,1.635200024,1.626799941,1.519899964,1.499199986,1.501000047,1.498399973,1.504199982,1.513499975,1.646000028,1.654999971
545,1.519600034,1.516899943,1.520300031,1.51639998,1.507500052,1.502799988,1.655799985,1.246600032,1.515599966,1.511500001,1.518100023,1.514400005,1.500399947,1.52699995,1.648399949,1.64380002,1.520099998,1.507699966,1.518000007,1.50849998,1.49240005,1.513499975,1.644799948,1.641000032,1.520400047,1.498800039,1.519799948,1.509500027,1.503499985,1.514600039,1.641299963,1.631899953,1.527999997,1.504500031,1.503399968,1.501299977,1.506100059,1.51849997,1.65320003,1.660400033
550,1.524700046,1.520400047,1.527199984,1.526200056,1.514000058,1.510800004,1.66110003,1.245900035,1.520300031,1.514000058,1.524299979,1.519299984,1.503999949,1.529800057,1.652999997,1.649099946,1.52699995,1.508900046,1.521100044,1.510800004,1.498200059,1.522199988,1.650500059,1.645799994,1.523200035,1.506500006,1.52699995,1.518399954,1.505399942,1.517699957,1.646999955,1.638000011,1.532899976,1.510900021,1.516100049,1.509600043,1.514700055,1.51970005,1.658800006,1.666200042
555,1.533800006,1.526499987,1.533800006,1.534800053,1.518100023,1.520300031,1.666100025,1.246099949,1.528399944,1.526499987,1.52760005,1.529600024,1.513200045,1.535099983,1.658800006,1.654999971,1.53489995,1.519600034,1.52760005,1.521999955,1.498200059,1.529800057,1.656900048,1.651600003,1.529099941,1.513700008,1.533100009,1.522600055,1.511600018,1.52639997,1.653100014,1.643599987,1.537500024,1.522699952,1.51820004,1.517699957,1.519199967,1.528499961,1.665300012,1.671700001
560,1.537899971,1.530599952,1.54279995,1.538499951,1.524299979,1.520699978,1.670699954,1.245900035,1.531599998,1.528599977,1.536200047,1.536299944,1.519299984,1.543499947,1.664299965,1.65989995,1.538300037,1.523399949,1.53670001,1.525900006,1.503999949,1.536200047,1.661200047,1.656700015,1.534500003,1.516800046,1.540300012,1.529399991,1.515100002,1.528100014,1.657699943,1.649199963,1.541900039,1.522699952,1.522899985,1.520300031,1.522300005,1.534999967,1.671300054,1.677700043
565,1.540500045,1.536299944,1.548799992,1.548400044,1.532600045,1.525500059,1.675400019,1.246500015,1.536399961,1.53670001,1.538800001,1.542700052,1.524399996,1.550500035,1.66960001,1.664399981,1.542000055,1.528399944,1.539800048,1.534100056,1.510100007,1.536299944,1.666800022,1.661900043,1.541000009,1.523300052,1.543799996,1.539299965,1.521399975,1.535599947,1.664100051,1.654600024,1.546599984,1.531100035,1.529399991,1.529399991,1.528399944,1.539499998,1.676200032,1.682500005
570,1.546300054,1.540500045,1.551499963,1.555099964,1.536599994,1.533800006,1.682100058,1.246899962,1.542299986,1.539100051,1.545400023,1.550099969,1.52820003,1.553799987,1.675600052,1.669700027,1.548400044,1.531599998,1.547399998,1.539899945,1.51789999,1.543300033,1.673699975,1.668099999,1.548799992,1.529199958,1.548400044,1.543499947,1.527999997,1.541700006,1.670400023,1.660599947,1.556900024,1.536200047,1.53670001,1.537500024,1.536000013,1.543499947,1.682100058,1.688199997
575,1.55250001,1.545600057,1.557700038,1.562399983,1.542600036,1.534199953,1.685799956,1.247200012,1.548200011,1.542999983,1.551699996,1.556200027,1.536499977,1.555600047,1.680299997,1.674800038,1.556100011,1.53760004,1.552899957,1.548099995,1.52489996,1.551800013,1.680099964,1.673400044,1.550099969,1.537400007,1.555699944,1.55250001,1.531700015,1.548599958,1.675999999,1.666000009,1.558799982,1.540099978,1.543799996,1.541900039,1.538400054,1.549100041,1.687899947,1.693400025
580,1.556699991,1.552800059,1.564599991,1.570199966,1.548099995,1.543400049,1.693300009,1.246299982,1.551599979,1.549999952,1.555699944,1.564100027,1.539600015,1.560799956,1.68719995,1.680099964,1.559999943,1.547299981,1.561300039,1.556699991,1.530799985,1.554700017,1.683799982,1.677700043,1.555999994,1.539899945,1.560099959,1.560799956,1.540099978,1.55250001,1.681200027,1.670899987,1.563899994,1.548400044,1.546599984,1.550400019,1.546200037,1.559200048,1.694200039,1.699399948
585,1.560799956,1.559800029,1.566100001,1.573300004,1.552700043,1.545300007,1.696200013,1.247900009,1.556900024,1.555999994,1.56400001,1.572199941,1.547199965,1.568300009,1.692600012,1.685099959,1.562700033,1.549999952,1.563799977,1.563899994,1.532999992,1.557999969,1.689700007,1.683300018,1.560600042,1.546000004,1.566100001,1.565700054,1.548400044,1.558799982,1.68690002,1.676800013,1.568500042,1.555299997,1.550699949,1.558899999,1.549900055,1.561300039,1.699200034,1.70480001
590,1.565199971,1.563799977,1.57190001,1.583899975,1.557199955,1.549999952,1.701500058,1.247300029,1.560700059,1.560299993,1.565299988,1.574100018,1.551300049,1.567399979,1.696799994,1.689700007,1.565000057,1.552899957,1.570500016,1.57159996,1.540199995,1.565199971,1.695700049,1.688599944,1.566100001,1.552700043,1.569499969,1.572700024,1.553599954,1.562999964,1.691400051,1.681599975,1.576200008,1.555500031,1.555799961,1.565899968,1.559700012,1.568099976,1.704699993,1.709400058
595,1.569800019,1.567100048,1.575999975,1.586099982,1.558699965,1.556800008,1.707100034,1.246999979,1.565199971,1.564900041,1.570299983,1.58220005,1.554800034,1.573199987,1.702499986,1.695199966,1.571499944,1.559499979,1.570500016,1.575099945,1.546000004,1.567600012,1.700399995,1.693500042,1.569499969,1.554499984,1.573199987,1.576099992,1.557600021,1.569499969,1.697199941,1.687100053,1.578400016,1.566300035,1.56159997,1.569300056,1.560600042,1.572000027,1.709100008,1.714699984
600,1.57249999,1.570199966,1.579599977,1.592200041,1.563599944,1.56099999,1.711599946,1.247599959,1.567899942,1.566599965,1.575600028,1.585999966,1.56099999,1.576500058,1.707599998,1.700000048,1.578699946,1.56309998,1.573500037,1.578400016,1.548499942,1.572700024,1.706200004,1.697999954,1.575700045,1.559800029,1.575000048,1.585000038,1.559100032,1.57099998,1.701900005,1.691699982,1.581099987,1.570299983,1.56280005,1.579599977,1.568699956,1.575099945,1.71449995,1.719499946
605,1.57980001,1.574300051,1.585800052,1.599900007,1.568799973,1.566200018,1.716799974,1.247799993,1.572900057,1.572999954,1.576699972,1.592300057,1.566400051,1.58130002,1.71239996,1.705000043,1.581699967,1.570799947,1.57980001,1.588000059,1.552299976,1.57159996,1.711500049,1.702700019,1.580299973,1.565999985,1.581400037,1.591899991,1.566400051,1.574200034,1.707900047,1.697199941,1.584400058,1.57190001,1.567999959,1.586199999,1.571200013,1.57949996,1.720399976,1.724699974
610,1.580600023,1.579100013,1.587499976,1.603399992,1.570199966,1.566799998,1.722200036,1.247799993,1.574900031,1.578099966,1.580199957,1.59800005,1.564800024,1.581400037,1.716899991,1.709599972,1.583099961,1.57130003,1.582499981,1.590899944,1.557399988,1.575700045,1.71570003,1.707700014,1.580500007,1.567299962,1.584900022,1.592599988,1.570000052,1.577000022,1.71239996,1.701699972,1.590199947,1.575799942,1.569900036,1.59010005,1.578199983,1.583500028,1.725700021,1.729400039
615,1.585299969,1.585600019,1.594699979,1.608700037,1.578099966,1.57190001,1.725800037,1.247699976,1.578099966,1.583199978,1.584400058,1.602100015,1.568799973,1.585700035,1.722200036,1.712900043,1.587299943,1.575500011,1.583899975,1.598399997,1.558300018,1.581500053,1.720499992,1.711799979,1.581699967,1.57280004,1.586599946,1.598799944,1.574300051,1.578799963,1.718099952,1.706599951,1.591300011,1.581500053,1.573099971,1.600499988,1.57949996,1.591899991,1.73029995,1.73360002
620,1.589599967,1.588799953,1.597499967,1.613999963,1.577299953,1.572700024,1.731699944,1.247400045,1.580299973,1.584400058,1.588000059,1.606299996,1.572299957,1.587800026,1.727399945,1.718700051,1.586500049,1.584300041,1.586899996,1.598999977,1.565299988,1.578600049,1.726600051,1.716799974,1.585700035,1.578199983,1.590000033,1.603500009,1.573300004,1.584800005,1.72360003,1.711699963,1.594099998,1.584699988,1.575999975,1.608199954,1.585899949,1.589599967,1.735499978,1.739300013
625,1.593500018,1.592100024,1.600700021,1.619099975,1.585199952,1.580199957,1.735900044,1.247200012,1.582599998,1.586599946,1.590999961,1.610200047,1.58039999,1.588500023,1.732800007,1.72329998,1.591899991,1.585299969,1.590600014,1.603899956,1.569599986,1.583899975,1.73150003,1.721300006,1.587299943,1.578199983,1.592599988,1.606099963,1.575999975,1.583299994,1.728800058,1.717800021,1.601500034,1.588700056,1.577999949,1.60860002,1.585399985,1.595999956,1.740300059,1.744199991
630,1.594200015,1.592100024,1.603299975,1.62440002,1.585800052,1.582399964,1.74090004,1.247900009,1.584200025,1.591699958,1.592599988,1.613399982,1.581200004,1.588799953,1.737599969,1.727800012,1.590600014,1.585399985,1.590199947,1.60739994,1.570899963,1.582100034,1.735800028,1.726500034,1.592700005,1.581699967,1.592599988,1.610700011,1.580899954,1.587599993,1.733800054,1.722599983,1.600000024,1.589100003,1.579599977,1.612300038,1.591400027,1.599099994,1.746000051,1.748100042
635,1.595999956,1.596600056,1.604500055,1.627300024,1.590899944,1.583699942,1.744500041,1.247400045,1.585199952,1.5898,1.592700005,1.619699955,1.585800052,1.589900017,1.742799997,1.732300043,1.595000029,1.590999961,1.594599962,1.612300038,1.573699951,1.582499981,1.741099954,1.730900049,1.591899991,1.583299994,1.593400002,1.613399982,1.586899996,1.585100055,1.738600016,1.726699948,1.603399992,1.592800021,1.581599951,1.617699981,1.594599962,1.598199964,1.749899983,1.753000021
640,1.597100019,1.601300001,1.607300043,1.630200028,1.593400002,1.585899949,1.75059998,1.246099949,1.586699963,1.597200036,1.595299959,1.623000026,1.585500002,1.595100045,1.747799993,1.735800028,1.594599962,1.5898,1.595399976,1.617499948,1.575000048,1.586099982,1.745900035,1.734500051,1.592399955,1.585100055,1.595399976,1.618199944,1.586799979,1.588999987,1.743600011,1.73210001,1.606400013,1.598399997,1.583099961,1.622799993,1.59860003,1.603600025,1.755499959,1.757099986
645,1.59920001,1.604400039,1.609500051,1.631899953,1.600000024,1.584300041,1.754299998,1.247599959,1.588600039,1.596600056,1.59800005,1.623399973,1.588999987,1.593700051,1.752200007,1.740399957,1.596600056,1.589100003,1.595399976,1.616299987,1.579200029,1.583600044,1.750200033,1.739099979,1.594499946,1.586400032,1.595499992,1.620100021,1.586199999,1.592499971,1.748700023,1.736500025,1.60679996,1.597100019,1.583799958,1.626299977,1.597100019,1.599300027,1.759500027,1.760900021
650,1.601699948,1.604500055,1.60860002,1.634799957,1.59739995,1.589100003,1.760800004,1.247099996,1.589300036,1.597300053,1.596099973,1.62559998,1.588199973,1.594799995,1.757099986,1.746000051,1.600200057,1.591599941,1.595800042,1.617599964,1.575799942,1.587000012,1.755800009,1.743999958,1.595600009,1.586400032,1.596300006,1.619799972,1.590999961,1.588199973,1.753200054,1.741299987,1.608700037,1.598199964,1.583199978,1.629099965,1.602699995,1.603999972,1.765400052,1.76639998
655,1.604400039,1.605000019,1.612400055,1.641299963,1.603500009,1.58889997,1.765400052,1.247699976,1.591899991,1.59920001,1.597200036,1.62469995,1.591899991,1.591899991,1.763000011,1.750399947,1.598999977,1.593600035,1.597000003,1.621299982,1.57889998,1.588099957,1.761000037,1.749899983,1.597499967,1.589699984,1.597499967,1.620900035,1.592499971,1.589699984,1.759199977,1.745900035,1.608500004,1.600900054,1.583699942,1.633000016,1.604300022,1.605599999,1.769000053,1.771299958
660,1.604599953,1.607800007,1.613700032,1.640599966,1.605499983,1.593999982,1.768700004,1.246299982,1.592200041,1.602399945,1.598500013,1.628399968,1.590800047,1.593299985,1.76639998,1.755900025,1.598500013,1.592900038,1.596699953,1.621299982,1.579900026,1.586199999,1.764400005,1.753700018,1.599300027,1.590999961,1.596600056,1.623100042,1.591699958,1.587499976,1.763599992,1.751000047,1.608399987,1.602300048,1.583199978,1.632200003,1.605800033,1.605200052,1.774099946,1.776600003
665,1.605900049,1.607800007,1.612900019,1.643900037,1.606999993,1.590000033,1.772699952,1.247300029,1.593299985,1.598799944,1.598399997,1.630100012,1.592599988,1.595199943,1.770200014,1.759299994,1.598099947,1.597000003,1.595999956,1.619799972,1.582700014,1.583899975,1.768100023,1.756899953,1.59920001,1.58920002,1.595700026,1.621099949,1.589900017,1.58949995,1.76789999,1.754500031,1.610399961,1.601799965,1.584300041,1.636500001,1.60800004,1.604799986,1.777899981,1.780300021
670,1.60769999,1.612800002,1.613199949,1.645200014,1.607499957,1.593099952,1.778300047,1.246299982,1.591799974,1.602499962,1.598700047,1.629400015,1.594699979,1.593700051,1.776200056,1.764700055,1.59800005,1.59679997,1.597000003,1.62409997,1.583099961,1.585299969,1.773499966,1.762599945,1.597599983,1.590899944,1.59679997,1.623900056,1.593700051,1.589400053,1.773200035,1.75909996,1.609400034,1.605900049,1.584900022,1.637300014,1.60800004,1.605399966,1.783800006,1.786200047
675,1.609500051,1.61469996,1.614099979,1.645400047,1.60739994,1.594599962,1.783699989,1.246899962,1.591599941,1.603800058,1.598099947,1.628299952,1.597499967,1.590899944,1.780500054,1.769500017,1.598199964,1.59739995,1.59679997,1.623800039,1.584599972,1.580600023,1.778399944,1.767099977,1.5977,1.591099977,1.595499992,1.623999953,1.595600009,1.585000038,1.777999997,1.764299989,1.610700011,1.606099963,1.585100055,1.638499975,1.607900023,1.60739994,1.788499951,1.791100025
680,1.607900023,1.609500051,1.612300038,1.648399949,1.610100031,1.594799995,1.784999967,1.245300055,1.591199994,1.600700021,1.598700047,1.629600048,1.593700051,1.591199994,1.783599973,1.773100019,1.59800005,1.596199989,1.595700026,1.62440002,1.58039999,1.582999945,1.781900048,1.771199942,1.597800016,1.589900017,1.594699979,1.623900056,1.594400048,1.585199952,1.780900002,1.76789999,1.608999968,1.605599999,1.584100008,1.637699962,1.610200047,1.607800007,1.793200016,1.795400023
685,1.610499978,1.613800049,1.612900019,1.646999955,1.60769999,1.596699953,1.788800001,1.246000051,1.591899991,1.603399992,1.598099947,1.631100059,1.593500018,1.592100024,1.786900043,1.7773,1.597200036,1.595499992,1.595700026,1.623399973,1.583999991,1.581900001,1.786800027,1.776000023,1.596199989,1.589599967,1.595199943,1.623999953,1.593999982,1.584800005,1.786000013,1.773800015,1.608999968,1.605700016,1.585000038,1.638499975,1.612699986,1.606999993,1.799800038,1.799900055
690,1.607300043,1.613700032,1.613399982,1.649399996,1.611600041,1.593999982,1.790500045,1.246299982,1.591099977,1.603099942,1.59739995,1.630399942,1.595100045,1.590600014,1.791100025,1.781700015,1.595499992,1.597000003,1.594599962,1.621600032,1.581599951,1.58220005,1.790799975,1.780400038,1.594699979,1.589599967,1.593999982,1.623800039,1.592000008,1.583199978,1.790799975,1.778399944,1.607900023,1.607599974,1.583999991,1.640400052,1.612699986,1.606099963,1.80400002,1.804299951
695,1.608299971,1.613100052,1.61469996,1.650699973,1.611600041,1.592499971,1.792299986,1.245100021,1.592100024,1.602699995,1.5977,1.631299973,1.594099998,1.590499997,1.792299986,1.78579998,1.595100045,1.594200015,1.593899965,1.622799993,1.583099961,1.581500053,1.79400003,1.784100056,1.594799995,1.589400053,1.593500018,1.625399947,1.593299985,1.584100008,1.795799971,1.782799959,1.60739994,1.607200027,1.583699942,1.642099977,1.613299966,1.605800033,1.810199976,1.809700012
700,1.608999968,1.613399982,1.615100026,1.651000023,1.615800023,1.593000054,1.794199944,1.245499969,1.590000033,1.602399945,1.596500039,1.630300045,1.593600035,1.590899944,1.79460001,1.790199995,1.594300032,1.594599962,1.593700051,1.622699976,1.582999945,1.579200029,1.796200037,1.786999941,1.593799949,1.588799953,1.592300057,1.624500036,1.591300011,1.582800031,1.799999952,1.787299991,1.607300043,1.605900049,1.583400011,1.641600013,1.613100052,1.604400039,1.813599944,1.813300014
705,1.609300017,1.614199996,1.614500046,1.6523,1.614599943,1.594599962,1.795699954,1.245000005,1.589900017,1.599599957,1.596300006,1.632799983,1.595600009,1.587000012,1.796900034,1.794700027,1.593500018,1.593899965,1.593600035,1.623100042,1.580500007,1.576300025,1.798599958,1.792199969,1.593299985,1.588700056,1.591400027,1.624600053,1.592200041,1.582599998,1.804700017,1.792000055,1.606400013,1.60619998,1.581400037,1.64260006,1.611700058,1.606400013,1.818600059,1.818199992
710,1.60679996,1.610999942,1.615300059,1.652099967,1.61469996,1.596099973,1.797500014,1.244199991,1.589599967,1.600600004,1.595700026,1.630699992,1.594200015,1.585899949,1.798300028,1.798699975,1.593600035,1.591300011,1.592300057,1.622499943,1.578400016,1.577299953,1.801100016,1.796700001,1.592599988,1.58889997,1.591400027,1.622799993,1.591400027,1.581400037,1.808599949,1.796800017,1.606999993,1.605200052,1.580899954,1.643300056,1.612100005,1.604200006,1.822000027,1.822199941
715,1.608100057,1.611199975,1.613700032,1.653499961,1.615399957,1.594099998,1.798300028,1.243499994,1.588799953,1.601799965,1.596300006,1.631299973,1.593099952,1.585800052,1.800300002,1.801900029,1.593400002,1.590899944,1.592000008,1.621399999,1.578500032,1.575799942,1.802700043,1.801900029,1.593299985,1.587599993,1.590899944,1.622200012,1.590999961,1.580800056,1.81190002,1.800699949,1.60650003,1.605700016,1.580199957,1.64260006,1.610200047,1.603299975,1.823899984,1.826500058
720,1.606899977,1.614099979,1.614899993,1.654299974,1.613299966,1.594499946,1.800400019,1.243600011,1.587800026,1.601899981,1.595000029,1.631299973,1.593999982,1.587000012,1.801200032,1.803799987,1.595399976,1.592900038,1.592599988,1.620000005,1.575799942,1.576099992,1.804200053,1.804999948,1.593500018,1.589599967,1.590600014,1.622499943,1.588999987,1.580299973,1.814100027,1.80490005,1.60619998,1.605399966,1.579100013,1.643000007,1.612100005,1.604799986,1.825399995,1.83039999
725,1.60619998,1.614799976,1.615300059,1.651900053,1.613499999,1.595299959,1.801599979,1.243700027,1.587599993,1.599799991,1.594300032,1.629999995,1.593400002,1.584699988,1.803799987,1.806100011,1.593700051,1.594099998,1.590999961,1.619799972,1.578299999,1.574800014,1.806100011,1.808799982,1.592900038,1.588199973,1.589900017,1.620200038,1.58920002,1.578699946,1.817000031,1.809299946,1.605800033,1.604500055,1.578500032,1.643399954,1.609899998,1.603800058,1.826300025,1.834599972
730,1.604599953,1.613199949,1.615499973,1.650599957,1.616400003,1.594599962,1.801699996,1.242699981,1.586799979,1.601799965,1.594799995,1.628200054,1.592900038,1.582399964,1.803500056,1.808599949,1.591699958,1.592399955,1.59070003,1.617200017,1.577999949,1.571400046,1.806499958,1.810099959,1.594400048,1.586599946,1.588000059,1.618999958,1.589100003,1.575999975,1.817999959,1.81280005,1.606099963,1.605599999,1.577200055,1.643000007,1.609699965,1.603500009,1.827000022,1.83739996
735,1.606999993,1.613299966,1.615300059,1.65139997,1.615100026,1.593999982,1.80340004,1.243000031,1.586699963,1.602100015,1.593799949,1.626099944,1.594200015,1.583600044,1.803900003,1.809599996,1.592399955,1.591300011,1.588600039,1.61619997,1.578600049,1.571200013,1.807600021,1.812700033,1.592100024,1.586500049,1.587000012,1.618399978,1.588400006,1.576400042,1.819800019,1.817100048,1.605100036,1.604799986,1.576599956,1.643100023,1.610499978,1.602599978,1.827600002,1.840199947
740,1.60710001,1.613700032,1.6171,1.651100039,1.615499973,1.593899965,1.803200006,1.242699981,1.588600039,1.600000024,1.593299985,1.626700044,1.594200015,1.579900026,1.805199981,1.810600042,1.593799949,1.592499971,1.587000012,1.616999984,1.576699972,1.571400046,1.807999969,1.814299941,1.591599941,1.585000038,1.585500002,1.61619997,1.585500002,1.574599981,1.8204,1.819800019,1.605200052,1.60710001,1.575999975,1.644400001,1.611600041,1.604900002,1.828299999,1.842200041
745,1.605399966,1.613000035,1.617200017,1.650699973,1.613499999,1.591500044,1.801499963,1.242900014,1.585100055,1.60010004,1.593099952,1.623299956,1.592700005,1.578799963,1.804399967,1.811300039,1.59070003,1.589900017,1.584800005,1.614400029,1.573699951,1.567100048,1.808500051,1.815899968,1.59010005,1.583899975,1.582999945,1.61500001,1.587299943,1.573099971,1.82130003,1.823099971,1.605100036,1.604400039,1.574800014,1.641899943,1.609500051,1.602200031,1.828799963,1.843600035
750,1.604400039,1.611799955,1.61590004,1.64989996,1.611600041,1.590199947,1.801900029,1.242200017,1.583500028,1.598399997,1.591899991,1.622400045,1.590800047,1.577600002,1.80490005,1.81219995,1.5898,1.589100003,1.583500028,1.612599969,1.572299957,1.564200044,1.808500051,1.816300035,1.58920002,1.583199978,1.582000017,1.613800049,1.584900022,1.57009995,1.82130003,1.824399948,1.604599953,1.604699969,1.574300051,1.641800046,1.607599974,1.600800037,1.829300046,1.845800042
755,1.603700042,1.611199975,1.61619997,1.648000002,1.612900019,1.589900017,1.801800013,1.241299987,1.583500028,1.597900033,1.590600014,1.621299982,1.588600039,1.575299978,1.805699944,1.813699961,1.588199973,1.587900043,1.58220005,1.611299992,1.572700024,1.562100053,1.808699965,1.817600012,1.588000059,1.581500053,1.58070004,1.611999989,1.583099961,1.570000052,1.821499944,1.826200008,1.603600025,1.604300022,1.573799968,1.640699983,1.608500004,1.60010004,1.829599977,1.847000003
760,1.603399992,1.611299992,1.615800023,1.649999976,1.614400029,1.588500023,1.80340004,1.240499973,1.583299994,1.595000029,1.589599967,1.620599985,1.58829999,1.574399948,1.804700017,1.813799977,1.588500023,1.587100029,1.581500053,1.610999942,1.571200013,1.562299967,1.809100032,1.818199992,1.588000059,1.580500007,1.579699993,1.610800028,1.582900047,1.568799973,1.82249999,1.827600002,1.603199959,1.603500009,1.573600054,1.639600039,1.608299971,1.598799944,1.82889998,1.8477
765,1.603700042,1.611999989,1.615499973,1.649199963,1.613600016,1.586500049,1.802899957,1.24119997,1.582999945,1.596400023,1.589100003,1.620000005,1.588600039,1.573300004,1.8046,1.814499974,1.587499976,1.585800052,1.580199957,1.610000014,1.570700049,1.560199976,1.809000015,1.819800019,1.586300015,1.58039999,1.578699946,1.609599948,1.583500028,1.566900015,1.823099971,1.82889998,1.602499962,1.602100015,1.573099971,1.638900042,1.607900023,1.59800005,1.82949996,1.849400043
770,1.603199959,1.610999942,1.613700032,1.648100019,1.611999989,1.58889997,1.801800013,1.240399957,1.579599977,1.594599962,1.587700009,1.618700027,1.586400032,1.57190001,1.804399967,1.813899994,1.584100008,1.583500028,1.578400016,1.607800007,1.566799998,1.557999969,1.808400035,1.819100022,1.584200025,1.577399969,1.576699972,1.607499957,1.580199957,1.564700007,1.82190001,1.829399943,1.600499988,1.599900007,1.571400046,1.636999965,1.60739994,1.596400023,1.829200029,1.848799944
775,1.602800012,1.609200001,1.613899946,1.647099972,1.610900044,1.585399985,1.80219996,1.239899993,1.578699946,1.592399955,1.586300015,1.617200017,1.582599998,1.569100022,1.80490005,1.815700054,1.583500028,1.582399964,1.577700019,1.60619998,1.565700054,1.555999994,1.808599949,1.820199966,1.583400011,1.576599956,1.575999975,1.605900049,1.578400016,1.563500047,1.822700024,1.830899954,1.600399971,1.600600004,1.57190001,1.636999965,1.606699944,1.596500039,1.83099997,1.850600004
780,1.602499962,1.60739994,1.613700032,1.647300005,1.611500025,1.585199952,1.803799987,1.238899946,1.578199983,1.591099977,1.586500049,1.616899967,1.583600044,1.567800045,1.804499984,1.815000057,1.583699942,1.581799984,1.577000022,1.604599953,1.564900041,1.554800034,1.808599949,1.8204,1.583299994,1.576500058,1.576099992,1.605000019,1.578799963,1.562600017,1.823099971,1.831599951,1.599699974,1.599099994,1.571499944,1.635400057,1.606600046,1.595000029,1.831200004,1.851099968
785,1.601099968,1.607300043,1.612499952,1.645599961,1.610399961,1.584499955,1.801800013,1.238999963,1.576500058,1.590999961,1.584900022,1.614599943,1.580199957,1.565899968,1.803599954,1.813899994,1.580199957,1.578299999,1.575700045,1.602800012,1.563799977,1.552999973,1.806900024,1.819399953,1.580899954,1.573899984,1.574399948,1.603700042,1.577600002,1.561400056,1.82249999,1.831699967,1.59800005,1.598099947,1.5704,1.634500027,1.605200052,1.594200015,1.830600023,1.851099968
790,1.600800037,1.607300043,1.612200022,1.645699978,1.60650003,1.581099987,1.802800059,1.238399982,1.575500011,1.588099957,1.584300041,1.613399982,1.58099997,1.564599991,1.80309999,1.815500021,1.579100013,1.577600002,1.574800014,1.600700021,1.560700059,1.551399946,1.807899952,1.820600033,1.57980001,1.57249999,1.574000001,1.601600051,1.574900031,1.559100032,1.822600007,1.833299994,1.597800016,1.597100019,1.57099998,1.634199977,1.603299975,1.593500018,1.831799984,1.852599978
795,1.598399997,1.606899977,1.612900019,1.645699978,1.608800054,1.581500053,1.802099943,1.238199949,1.574000001,1.587000012,1.584300041,1.612100005,1.580500007,1.563300014,1.802999973,1.815600038,1.577800035,1.576099992,1.574000001,1.599099994,1.561400056,1.550199986,1.807600021,1.821499944,1.578500032,1.570899963,1.573600054,1.600600004,1.573199987,1.558500051,1.823300004,1.833500028,1.596600056,1.596300006,1.57099998,1.633000016,1.601600051,1.592499971,1.83130002,1.852200031
800,1.59800005,1.604599953,1.612499952,1.645200014,1.607300043,1.580299973,1.802000046,1.236899972,1.572399974,1.587100029,1.583099961,1.611600041,1.578699946,1.562100053,1.802399993,1.815600038,1.577600002,1.574000001,1.573400021,1.59800005,1.558400035,1.549399972,1.807399988,1.82099998,1.576799989,1.568899989,1.572700024,1.599300027,1.570799947,1.557600021,1.821799994,1.833500028,1.595499992,1.595299959,1.572000027,1.632200003,1.602300048,1.592300057,1.831699967,1.853399992
805,1.597200036,1.604099989,1.611999989,1.644199967,1.60710001,1.581699967,1.801599979,1.236899972,1.57249999,1.585000038,1.582800031,1.609799981,1.575399995,1.561100006,1.802700043,1.815899968,1.574800014,1.572600007,1.572600007,1.596600056,1.557399988,1.547399998,1.807700038,1.821200013,1.575600028,1.567999959,1.572399974,1.59800005,1.569599986,1.556599975,1.821799994,1.833799958,1.594699979,1.594200015,1.571200013,1.630599976,1.602200031,1.591599941,1.832100034,1.853399992
810,1.596899986,1.605200052,1.611899972,1.644000053,1.604900002,1.577700019,1.802399993,1.236600041,1.569800019,1.583400011,1.582399964,1.608399987,1.572999954,1.559299946,1.803799987,1.815999985,1.573300004,1.570299983,1.572399974,1.594699979,1.555799961,1.545300007,1.807899952,1.821099997,1.574499965,1.566300035,1.571499944,1.596500039,1.569499969,1.554299951,1.821499944,1.834699988,1.593999982,1.593400002,1.571200013,1.629099965,1.59860003,1.590299964,1.831699967,1.854200006
815,1.596199989,1.603099942,1.611400008,1.642500043,1.605399966,1.577299953,1.801100016,1.236099958,1.569100022,1.582000017,1.581099987,1.60739994,1.57159996,1.558099985,1.802000046,1.815600038,1.572000027,1.568300009,1.57130003,1.594300032,1.553599954,1.54400003,1.807000041,1.820700049,1.573099971,1.564700007,1.570799947,1.595399976,1.566499949,1.553900003,1.821400046,1.833899975,1.592700005,1.591400027,1.570500016,1.627900004,1.5977,1.590299964,1.831699967,1.853500009
820,1.594499946,1.601799965,1.611299992,1.641499996,1.603800058,1.578099966,1.800899982,1.236299992,1.568199992,1.579699993,1.581200004,1.605900049,1.570500016,1.556399941,1.802399993,1.815199971,1.570899963,1.567199945,1.57099998,1.592300057,1.551100016,1.542899966,1.807000041,1.820899963,1.572000027,1.56309998,1.570700049,1.594200015,1.565400004,1.55309999,1.82099998,1.835100055,1.592100024,1.591500044,1.57099998,1.627400041,1.597200036,1.58949995,1.831099987,1.853199959
825,1.593199968,1.601099968,1.611099958,1.640599966,1.602699995,1.574900031,1.800600052,1.236199975,1.566300035,1.578400016,1.580500007,1.604599953,1.567999959,1.554800034,1.800799966,1.815299988,1.569599986,1.565400004,1.570000052,1.590499997,1.548900008,1.540599942,1.806200027,1.820199966,1.570299983,1.561100006,1.569900036,1.592900038,1.56340003,1.550500035,1.82009995,1.834300041,1.59070003,1.589900017,1.570500016,1.625399947,1.595800042,1.588199973,1.830299973,1.853600025
830,1.591300011,1.599499941,1.610200047,1.639099956,1.599599957,1.572900057,1.798900008,1.234899998,1.564299941,1.575500011,1.57949996,1.602599978,1.565899968,1.552299976,1.798799992,1.814100027,1.567600012,1.563199997,1.568799973,1.588700056,1.547299981,1.538599968,1.804499984,1.819300056,1.568699956,1.558699965,1.568699956,1.591500044,1.561800003,1.548699975,1.818300009,1.833400011,1.588999987,1.588000059,1.569399953,1.624199986,1.594400048,1.586799979,1.828699946,1.852599978
835,1.591599941,1.596600056,1.610200047,1.638499975,1.60010004,1.572199941,1.799399972,1.234899998,1.56340003,1.574300051,1.57949996,1.601400018,1.564900041,1.551800013,1.799100041,1.814299941,1.566599965,1.56190002,1.568400025,1.587700009,1.54550004,1.537400007,1.804299951,1.820199966,1.567399979,1.557100058,1.568699956,1.590399981,1.559700012,1.548300028,1.818600059,1.834300041,1.588500023,1.586799979,1.569499969,1.622799993,1.593500018,1.586500049,1.828699946,1.853000045
840,1.589100003,1.595399976,1.609899998,1.637400031,1.59829998,1.570899963,1.797600031,1.234099984,1.56159997,1.57280004,1.578299999,1.600200057,1.5625,1.549999952,1.797999978,1.813599944,1.564800024,1.559999943,1.567600012,1.585899949,1.543300033,1.53610003,1.80309999,1.818300009,1.565799952,1.55490005,1.567800045,1.588700056,1.558799982,1.546499968,1.817100048,1.832599998,1.587100029,1.585700035,1.569800019,1.621700048,1.591699958,1.585600019,1.828099966,1.852499962
845,1.588000059,1.594799995,1.610000014,1.636600018,1.5977,1.569800019,1.797899961,1.233399987,1.560700059,1.57159996,1.578600049,1.598799944,1.561100006,1.549399972,1.797399998,1.814399958,1.563500047,1.558599949,1.567499995,1.585199952,1.541800022,1.534800053,1.803200006,1.819200039,1.564900041,1.553799987,1.567700028,1.58829999,1.556900024,1.54519999,1.816799998,1.833999991,1.586500049,1.584800005,1.570000052,1.621700048,1.591500044,1.585500002,1.829200029,1.853399992
850,1.586500049,1.594499946,1.609899998,1.635900021,1.596699953,1.569000006,1.797199965,1.233700037,1.559399962,1.569900036,1.578500032,1.598099947,1.560500026,1.547700047,1.796499968,1.81400001,1.562299967,1.556900024,1.567000031,1.583899975,1.540500045,1.533100009,1.802999973,1.819499969,1.563199997,1.552299976,1.567199945,1.587000012,1.555799961,1.544499993,1.816100001,1.834499955,1.585800052,1.583699942,1.57009995,1.620499969,1.590399981,1.584300041,1.828199983,1.853099942
855,1.585899949,1.592800021,1.610100031,1.635100007,1.594200015,1.567700028,1.797299981,1.233100057,1.557999969,1.568300009,1.577600002,1.596300006,1.558400035,1.545899987,1.79519999,1.812100053,1.560600042,1.554700017,1.566100001,1.582299948,1.53760004,1.531499982,1.800400019,1.818199992,1.561699986,1.550199986,1.566400051,1.585299969,1.55369997,1.542600036,1.815299988,1.833699942,1.584200025,1.581799984,1.569000006,1.618899941,1.588999987,1.583299994,1.827299953,1.851799965
860,1.586500049,1.592100024,1.609400034,1.633999944,1.592000008,1.566599965,1.797500014,1.232200027,1.557000041,1.567700028,1.577700019,1.595700026,1.557199955,1.545099974,1.793900013,1.812299967,1.559100032,1.55309999,1.565600038,1.581500053,1.53760004,1.530599952,1.799700022,1.818500042,1.560899973,1.548699975,1.566599965,1.584599972,1.552299976,1.541399956,1.815000057,1.833500028,1.582999945,1.58070004,1.569599986,1.618499994,1.588400006,1.582999945,1.827100039,1.851099968
865,1.584200025,1.590600014,1.609599948,1.633000016,1.591799974,1.565500021,1.79610002,1.23239994,1.555500031,1.565500021,1.576900005,1.594499946,1.555500031,1.54369998,1.79279995,1.812100053,1.557899952,1.551300049,1.565999985,1.580500007,1.535599947,1.52820003,1.798499942,1.818099976,1.559399962,1.547399998,1.566100001,1.583199978,1.550999999,1.540699959,1.814299941,1.832700014,1.581900001,1.578999996,1.569200039,1.617300034,1.587499976,1.582800031,1.826099992,1.852599978
870,1.583600044,1.590299964,1.609300017,1.632799983,1.593099952,1.564200044,1.794800043,1.231699944,1.554499984,1.564499974,1.576599956,1.593500018,1.554700017,1.542700052,1.791599989,1.810899973,1.556399941,1.549600005,1.565199971,1.57980001,1.533900023,1.527500033,1.797199965,1.817499995,1.557899952,1.545699954,1.565500021,1.582499981,1.550199986,1.539800048,1.812999964,1.832499981,1.581500053,1.577800035,1.569700003,1.616700053,1.586799979,1.582700014,1.825500011,1.852399945
875,1.582999945,1.58949995,1.609899998,1.632099986,1.592000008,1.563899994,1.794100046,1.230599999,1.553500056,1.56340003,1.577399969,1.593500018,1.553300023,1.541900039,1.790899992,1.811800003,1.555400014,1.548400044,1.565500021,1.578799963,1.532899976,1.52639997,1.796399951,1.817899942,1.556800008,1.544999957,1.565899968,1.582100034,1.549000025,1.538699985,1.812100053,1.833199978,1.580899954,1.577200055,1.569499969,1.616099954,1.585100055,1.580800056,1.825399995,1.851899981
880,1.582000017,1.588700056,1.610399961,1.631800056,1.590000033,1.56309998,1.793799996,1.229799986,1.552099943,1.562399983,1.577100039,1.593000054,1.551699996,1.541100025,1.790300012,1.811699986,1.554399967,1.546700001,1.565199971,1.578299999,1.531000018,1.525300026,1.795699954,1.817999959,1.555699944,1.54369998,1.566100001,1.581699967,1.548300028,1.538200021,1.812000036,1.833099961,1.580199957,1.576400042,1.570799947,1.61590004,1.585500002,1.581799984,1.825700045,1.852599978
885,1.582800031,1.588700056,1.610599995,1.631299973,1.588799953,1.562899947,1.793599963,1.228999972,1.551100016,1.56159997,1.577700019,1.592700005,1.551800013,1.540599942,1.789899945,1.811200023,1.554200053,1.546300054,1.565899968,1.578099966,1.530699968,1.525900006,1.794700027,1.817999959,1.555199981,1.543099999,1.566400051,1.58130002,1.547600031,1.538100004,1.81159997,1.832900047,1.579699993,1.575999975,1.571200013,1.615399957,1.585299969,1.582299948,1.825500011,1.852900028
890,1.582499981,1.588099957,1.611700058,1.631600022,1.588700056,1.563500047,1.79369998,1.227800012,1.550500035,1.562000036,1.578500032,1.592900038,1.551200032,1.541000009,1.789700031,1.81159997,1.55340004,1.546000004,1.566799998,1.578699946,1.530500054,1.525900006,1.794199944,1.818699956,1.554399967,1.543200016,1.567100048,1.581699967,1.547600031,1.537999988,1.811300039,1.833899975,1.580000043,1.576400042,1.572700024,1.616299987,1.585000038,1.582700014,1.826300025,1.853800058
895,1.582700014,1.588500023,1.613199949,1.632799983,1.589599967,1.564299941,1.794499993,1.227300048,1.550600052,1.56159997,1.58010006,1.593999982,1.551200032,1.541100025,1.790500045,1.812000036,1.553799987,1.54550004,1.567899942,1.57949996,1.530099988,1.52579999,1.795300007,1.819399953,1.554399967,1.543400049,1.569000006,1.582299948,1.547399998,1.537999988,1.811499953,1.834599972,1.580600023,1.576900005,1.574300051,1.617200017,1.585600019,1.584100008,1.826599956,1.854200006
900,1.582999945,1.588199973,1.614199996,1.63259995,1.589100003,1.564900041,1.794100046,1.225700021,1.550400019,1.561699986,1.581200004,1.593999982,1.550999999,1.541200042,1.789700031,1.8125,1.553300023,1.545600057,1.568699956,1.57949996,1.529899955,1.525599957,1.794499993,1.818799973,1.553599954,1.54279995,1.569700003,1.582800031,1.546399951,1.537799954,1.810799956,1.834300041,1.579399943,1.576900005,1.575299978,1.616899967,1.585199952,1.583199978,1.825500011,1.854099989
905,1.584300041,1.589300036,1.616099954,1.63349998,1.58949995,1.565099955,1.794700027,1.225600004,1.550699949,1.56190002,1.582299948,1.595299959,1.551100016,1.542000055,1.789800048,1.813300014,1.553200006,1.54550004,1.570000052,1.580299973,1.530400038,1.52579999,1.794199944,1.820000052,1.553200006,1.542899966,1.570000052,1.583600044,1.546700001,1.537400007,1.811200023,1.834599972,1.578999996,1.576500058,1.576400042,1.617799997,1.585700035,1.584800005,1.826200008,1.855000019
910,1.583799958,1.58889997,1.616700053,1.633999944,1.590000033,1.565600038,1.79489994,1.225000024,1.550400019,1.56099999,1.583600044,1.594900012,1.550400019,1.541300058,1.790400028,1.81309998,1.552399993,1.54489994,1.570299983,1.580199957,1.529999971,1.525300026,1.794100046,1.820299983,1.552899957,1.542299986,1.570899963,1.582299948,1.54610002,1.537099957,1.810500026,1.835700035,1.579100013,1.576400042,1.577000022,1.618000031,1.584499955,1.583999991,1.825700045,1.85529995
915,1.583799958,1.588199973,1.61740005,1.633900046,1.589100003,1.565199971,1.794399977,1.224599957,1.549600005,1.560600042,1.584200025,1.594699979,1.549999952,1.541300058,1.789399981,1.812999964,1.551100016,1.544499993,1.571200013,1.58070004,1.529399991,1.524999976,1.793499947,1.819300056,1.551699996,1.541700006,1.57130003,1.582499981,1.545400023,1.536800027,1.809200048,1.835100055,1.578400016,1.576099992,1.577100039,1.617799997,1.584800005,1.583999991,1.825500011,1.854699969
920,1.583299994,1.587700009,1.617699981,1.63349998,1.587900043,1.564499974,1.793300033,1.223700047,1.548900008,1.559299946,1.583799958,1.594200015,1.548200011,1.540099978,1.788900018,1.8125,1.549999952,1.543400049,1.570299983,1.579399943,1.527500033,1.523000002,1.791599989,1.818199992,1.550300002,1.540199995,1.570799947,1.581900001,1.542700052,1.53489995,1.808500051,1.834200025,1.576900005,1.574699998,1.577600002,1.616999984,1.583099961,1.581599951,1.823699951,1.854200006
925,1.581799984,1.585899949,1.616899967,1.632300019,1.586500049,1.563500047,1.792899966,1.223500013,1.546900034,1.556699991,1.583799958,1.593400002,1.546499968,1.537799954,1.787899971,1.81280005,1.547299981,1.540799975,1.569800019,1.578199983,1.525300026,1.521299958,1.789700031,1.817899942,1.547999978,1.538200021,1.570299983,1.580500007,1.541599989,1.533599973,1.806599975,1.834100008,1.574800014,1.572900057,1.576699972,1.61590004,1.582100034,1.580899954,1.822600007,1.852399945
930,1.58010006,1.584699988,1.61650002,1.631100059,1.585199952,1.562000036,1.791100025,1.223899961,1.54550004,1.555099964,1.582700014,1.592200041,1.54489994,1.536399961,1.785400033,1.810700059,1.54519999,1.539000034,1.569000006,1.576799989,1.523399949,1.518399954,1.787299991,1.816400051,1.546499968,1.536900043,1.569399953,1.579100013,1.539800048,1.531900048,1.805099964,1.832599998,1.573600054,1.572000027,1.575999975,1.614599943,1.580600023,1.579900026,1.821200013,1.853000045
935,1.578600049,1.583099961,1.615800023,1.630200028,1.583600044,1.560700059,1.789800048,1.223999977,1.543300033,1.55250001,1.581799984,1.590299964,1.542999983,1.534399986,1.783200026,1.809299946,1.543099999,1.536800027,1.568199992,1.575199962,1.521299958,1.51639998,1.786800027,1.815600038,1.54460001,1.534399986,1.568600059,1.577299953,1.538300037,1.529899955,1.80400002,1.831699967,1.57159996,1.57130003,1.576099992,1.613999963,1.579599977,1.578299999,1.819900036,1.851899981
940,1.576799989,1.581400037,1.614799976,1.628399968,1.581500053,1.559599996,1.787899971,1.22300005,1.541499972,1.550699949,1.58070004,1.58889997,1.540599942,1.532299995,1.780300021,1.807500005,1.540799975,1.534999967,1.567100048,1.573600054,1.518900037,1.514299989,1.784100056,1.81400001,1.54279995,1.532999992,1.567800045,1.576099992,1.53550005,1.527500033,1.801599979,1.83039999,1.570299983,1.568899989,1.575799942,1.612900019,1.577100039,1.577200055,1.819000006,1.849699974
945,1.576200008,1.581200004,1.615399957,1.628499985,1.581500053,1.559000015,1.787799954,1.223099947,1.540899992,1.550099969,1.581500053,1.589100003,1.540199995,1.531800032,1.779700041,1.807600021,1.539700031,1.534000039,1.566799998,1.573400021,1.518300056,1.513499975,1.783599973,1.814700007,1.542000055,1.532199979,1.568199992,1.575799942,1.534999967,1.527199984,1.801599979,1.831799984,1.570199966,1.569300056,1.576200008,1.612800002,1.577900052,1.576799989,1.818799973,1.851400018
950,1.575299978,1.580199957,1.616000056,1.628399968,1.580800056,1.558699965,1.786399961,1.223999977,1.540300012,1.548900008,1.582000017,1.588999987,1.539399981,1.531100035,1.779199958,1.807899952,1.538699985,1.533300042,1.567399979,1.572700024,1.51760006,1.512799978,1.783200026,1.814299941,1.541200042,1.531100035,1.568699956,1.575700045,1.535400033,1.526499987,1.800400019,1.831799984,1.569200039,1.568799973,1.576400042,1.612499952,1.577800035,1.576699972,1.817999959,1.850999951
955,1.575000048,1.579599977,1.61619997,1.628000021,1.580500007,1.558400035,1.78579998,1.222800016,1.539700031,1.548099995,1.581900001,1.588400006,1.538400054,1.530200005,1.7773,1.807000041,1.537799954,1.532799959,1.567000031,1.57190001,1.516600013,1.511700034,1.781100035,1.813500047,1.540099978,1.530500054,1.568099976,1.575000048,1.533900023,1.525099993,1.799600005,1.830199957,1.568500042,1.567800045,1.577000022,1.611999989,1.576799989,1.575899959,1.817600012,1.850999951
960,1.574399948,1.579399943,1.616799951,1.628100038,1.580299973,1.558300018,1.784800053,1.22239995,1.538900018,1.547500014,1.582700014,1.58829999,1.538599968,1.529500008,1.776600003,1.806699991,1.536900043,1.531100035,1.567700028,1.571699977,1.516000032,1.511000037,1.781599998,1.8125,1.539399981,1.529899955,1.568799973,1.574699998,1.533499956,1.525300026,1.798799992,1.830000043,1.567800045,1.567399979,1.577200055,1.612499952,1.577399969,1.576099992,1.817100048,1.850999951
965,1.573799968,1.579599977,1.617799997,1.628200054,1.580299973,1.558699965,1.785599947,1.22239995,1.538499951,1.546800017,1.583299994,1.588199973,1.53760004,1.529399991,1.775500059,1.806599975,1.536399961,1.531000018,1.568099976,1.572000027,1.515599966,1.510400057,1.781299949,1.81219995,1.538800001,1.529299974,1.568799973,1.575099945,1.533100009,1.525099993,1.798699975,1.829599977,1.567600012,1.567499995,1.578299999,1.612900019,1.576799989,1.576699972,1.816799998,1.850900054
970,1.572700024,1.578699946,1.6171,1.627500057,1.579200029,1.557899952,1.7852,1.220800042,1.537400007,1.545600057,1.583099961,1.588000059,1.536599994,1.52820003,1.774799943,1.805199981,1.534999967,1.529899955,1.567600012,1.571200013,1.514099956,1.508900046,1.779000044,1.811100006,1.537799954,1.52820003,1.568799973,1.574200034,1.531800032,1.523800015,1.797299981,1.828400016,1.566599965,1.566200018,1.577900052,1.611899972,1.575600028,1.575899959,1.815400004,1.849400043
975,1.573199987,1.578699946,1.618299961,1.628000021,1.57949996,1.558300018,1.785599947,1.221199989,1.537199974,1.54489994,1.584100008,1.58829999,1.536599994,1.527899981,1.774999976,1.805899978,1.534399986,1.529199958,1.568300009,1.570899963,1.513599992,1.508700013,1.778499961,1.811100006,1.537199974,1.528100014,1.569100022,1.575000048,1.531700015,1.523499966,1.796399951,1.828600049,1.566400051,1.566499949,1.578799963,1.612200022,1.575999975,1.576300025,1.815700054,1.85010004
980,1.572199941,1.577900052,1.618800044,1.627900004,1.579599977,1.558099985,1.7852,1.220800042,1.536000013,1.54400003,1.584400058,1.588099957,1.53610003,1.527799964,1.774399996,1.805199981,1.533100009,1.527400017,1.568300009,1.570700049,1.513499975,1.508299947,1.778300047,1.810799956,1.535899997,1.52670002,1.569100022,1.575099945,1.531000018,1.523200035,1.795799971,1.829399943,1.565500021,1.565700054,1.579599977,1.612900019,1.576099992,1.576099992,1.814200044,1.849499941